flight_event_key,flight_id,airline,source,destination,route,departure_time,arrival_time,departure_date,flight_duration_minutes,calculated_duration_minutes,source_duration_minutes,duration_difference,overnight_flag,duplicate_flight_id_flag,invalid_flight_id_flag,missing_airline_flag,missing_source_flag,missing_destination_flag,missing_departure_time_flag,missing_arrival_time_flag,timestamp_order_flag,sj192_anomaly_flag,duration_anomaly_flag,duration_discrepancy_flag,referential_integrity_flag,duration_kpi_eligible_flag,anomaly_flag,anomaly_reason
SpiceJet|SJ010|CCU|MAA|2026-04-20 23:38:41.701,SJ010,SpiceJet,CCU,MAA,CCU → MAA,2026-04-20 23:38:41.701,2026-04-21 02:32:41.701,2026-04-20,174.0,174.0,174.0,0.0,True,False,False,False,False,False,False,False,False,False,False,False,False,True,False,Valid
Air India|AI155|BOM|CCU|2026-04-20 23:35:41.703,AI155,Air India,BOM,CCU,BOM → CCU,2026-04-20 23:35:41.703,2026-04-21 01:23:41.703,2026-04-20,108.0,108.0,108.0,0.0,True,False,False,False,False,False,False,False,False,False,False,False,False,True,False,Valid
Vistara|UK094|BOM|CCU|2026-04-20 23:26:41.702,UK094,Vistara,BOM,CCU,BOM → CCU,2026-04-20 23:26:41.702,2026-04-21 01:11:41.702,2026-04-20,105.0,105.0,105.0,0.0,True,False,False,False,False,False,False,False,False,False,False,False,False,True,False,Valid
Air India|AI245|BOM|CCU|2026-04-20 23:07:41.704,AI245,Air India,BOM,CCU,BOM → CCU,2026-04-20 23:07:41.704,2026-04-21 01:43:41.704,2026-04-20,156.0,156.0,156.0,0.0,True,False,False,False,False,False,False,False,False,False,False,False,False,True,False,Valid
Air India|AI192|MAA|BOM|2026-04-20 23:05:41.703,AI192,Air India,MAA,BOM,MAA → BOM,2026-04-20 23:05:41.703,2026-04-21 04:04:41.703,2026-04-20,299.0,299.0,299.0,0.0,True,False,False,False,False,False,False,False,False,False,False,False,False,True,False,Valid
SpiceJet|SJ158|DEL|HYD|2026-04-20 23:05:41.703,SJ158,SpiceJet,DEL,HYD,DEL → HYD,2026-04-20 23:05:41.703,2026-04-21 01:24:41.703,2026-04-20,139.0,139.0,139.0,0.0,True,False,False,False,False,False,False,False,False,False,False,False,False,True,False,Valid
IndiGo|6F196|CCU|MAA|2026-04-20 23:04:41.703,6F196,IndiGo,CCU,MAA,CCU → MAA,2026-04-20 23:04:41.703,2026-04-21 00:47:41.703,2026-04-20,103.0,103.0,103.0,0.0,True,False,False,False,False,False,False,False,False,False,False,False,False,True,False,Valid
Air India|AI080|BOM|HYD|2026-04-20 23:03:41.702,AI080,Air India,BOM,HYD,BOM → HYD,2026-04-20 23:03:41.702,2026-04-21 00:35:41.702,2026-04-20,92.0,92.0,92.0,0.0,True,False,False,False,False,False,False,False,False,False,False,False,False,True,False,Valid
IndiGo|6F025|BLR|BOM|2026-04-20 23:02:41.701,6F025,IndiGo,BLR,BOM,BLR → BOM,2026-04-20 23:02:41.701,2026-04-20 23:57:41.701,2026-04-20,55.0,55.0,55.0,0.0,False,False,False,False,False,False,False,False,False,False,False,False,False,True,False,Valid
IndiGo|6F251|DEL|BLR|2026-04-20 22:56:41.703,6F251,IndiGo,DEL,BLR,DEL → BLR,2026-04-20 22:56:41.703,2026-04-20 23:37:41.703,2026-04-20,41.0,41.0,41.0,0.0,False,False,False,False,False,False,False,False,False,False,False,False,False,True,False,Valid
Air India|AI137|BOM|DEL|2026-04-20 22:49:41.702,AI137,Air India,BOM,DEL,BOM → DEL,2026-04-20 22:49:41.702,2026-04-21 01:17:41.702,2026-04-20,148.0,148.0,148.0,0.0,True,False,False,False,False,False,False,False,False,False,False,False,False,True,False,Valid
IndiGo|6F026|BOM|CCU|2026-04-20 22:46:42.000,6F026,IndiGo,BOM,CCU,BOM → CCU,2026-04-20 22:46:42.000,2026-04-21 03:13:42.000,2026-04-20,267.0,267.0,267.0,0.0,True,False,False,False,False,False,False,False,False,False,False,False,False,True,False,Valid
Vistara|UK167|DEL|MAA|2026-04-20 22:45:41.703,UK167,Vistara,DEL,MAA,DEL → MAA,2026-04-20 22:45:41.703,2026-04-21 01:46:41.703,2026-04-20,181.0,181.0,181.0,0.0,True,False,False,False,False,False,False,False,False,False,False,False,False,True,False,Valid
Vistara|UK027|BOM|CCU|2026-04-20 22:44:41.701,UK027,Vistara,BOM,CCU,BOM → CCU,2026-04-20 22:44:41.701,2026-04-21 01:05:41.701,2026-04-20,141.0,141.0,141.0,0.0,True,False,False,False,False,False,False,False,False,False,False,False,False,True,False,Valid
Air India|AI069|DEL|BOM|2026-04-20 22:43:41.702,AI069,Air India,DEL,BOM,DEL → BOM,2026-04-20 22:43:41.702,2026-04-21 02:29:41.702,2026-04-20,226.0,226.0,226.0,0.0,True,False,False,False,False,False,False,False,False,False,False,False,False,True,False,Valid
Air India|AI058|BOM|CCU|2026-04-20 22:40:41.701,AI058,Air India,BOM,CCU,BOM → CCU,2026-04-20 22:40:41.701,2026-04-21 00:18:41.701,2026-04-20,98.0,98.0,98.0,0.0,True,False,False,False,False,False,False,False,False,False,False,False,False,True,False,Valid
Air India|AI140|BOM|DEL|2026-04-20 22:25:41.702,AI140,Air India,BOM,DEL,BOM → DEL,2026-04-20 22:25:41.702,2026-04-21 02:08:41.702,2026-04-20,223.0,223.0,223.0,0.0,True,False,False,False,False,False,False,False,False,False,False,False,False,True,False,Valid
SpiceJet|SJ239|BOM|CCU|2026-04-20 22:24:41.704,SJ239,SpiceJet,BOM,CCU,BOM → CCU,2026-04-20 22:24:41.704,2026-04-21 00:10:41.704,2026-04-20,106.0,106.0,106.0,0.0,True,False,False,False,False,False,False,False,False,False,False,False,False,True,False,Valid
IndiGo|6F099|MAA|DEL|2026-04-20 22:24:41.702,6F099,IndiGo,MAA,DEL,MAA → DEL,2026-04-20 22:24:41.702,2026-04-20 22:59:41.702,2026-04-20,35.0,35.0,35.0,0.0,False,False,False,False,False,False,False,False,False,False,False,False,False,True,False,Valid
Air India|AI048|CCU|DEL|2026-04-20 22:23:41.701,AI048,Air India,CCU,DEL,CCU → DEL,2026-04-20 22:23:41.701,2026-04-21 02:15:41.701,2026-04-20,232.0,232.0,232.0,0.0,True,False,False,False,False,False,False,False,False,False,False,False,False,True,False,Valid
SpiceJet|SJ112|HYD|DEL|2026-04-20 22:20:41.702,SJ112,SpiceJet,HYD,DEL,HYD → DEL,2026-04-20 22:20:41.702,2026-04-21 00:40:41.702,2026-04-20,140.0,140.0,140.0,0.0,True,False,False,False,False,False,False,False,False,False,False,False,False,True,False,Valid
IndiGo|6F164|BLR|BOM|2026-04-20 22:18:41.703,6F164,IndiGo,BLR,BOM,BLR → BOM,2026-04-20 22:18:41.703,2026-04-21 00:45:41.703,2026-04-20,147.0,147.0,147.0,0.0,True,False,False,False,False,False,False,False,False,False,False,False,False,True,False,Valid
Vistara|UK021|HYD|MAA|2026-04-20 22:00:41.701,UK021,Vistara,HYD,MAA,HYD → MAA,2026-04-20 22:00:41.701,2026-04-20 23:50:41.701,2026-04-20,110.0,110.0,110.0,0.0,False,False,False,False,False,False,False,False,False,False,False,False,False,True,False,Valid
SpiceJet|SJ172|CCU|DEL|2026-04-20 21:58:41.703,SJ172,SpiceJet,CCU,DEL,CCU → DEL,2026-04-20 21:58:41.703,2026-04-21 01:14:41.703,2026-04-20,196.0,196.0,196.0,0.0,True,False,False,False,False,False,False,False,False,False,False,False,False,True,False,Valid
Air India|AI060|DEL|HYD|2026-04-20 21:58:41.701,AI060,Air India,DEL,HYD,DEL → HYD,2026-04-20 21:58:41.701,2026-04-20 23:51:41.701,2026-04-20,113.0,113.0,113.0,0.0,False,False,False,False,False,False,False,False,False,False,False,False,False,True,False,Valid
SpiceJet|SJ205|HYD|CCU|2026-04-20 21:56:41.703,SJ205,SpiceJet,HYD,CCU,HYD → CCU,2026-04-20 21:56:41.703,2026-04-20 23:00:41.703,2026-04-20,64.0,64.0,64.0,0.0,False,False,False,False,False,False,False,False,False,False,False,False,False,True,False,Valid
SpiceJet|SJ093|BLR|BOM|2026-04-20 21:55:41.702,SJ093,SpiceJet,BLR,BOM,BLR → BOM,2026-04-20 21:55:41.702,2026-04-20 23:01:41.702,2026-04-20,66.0,66.0,66.0,0.0,False,False,False,False,False,False,False,False,False,False,False,False,False,True,False,Valid
IndiGo|6F195|CCU|DEL|2026-04-20 21:44:41.703,6F195,IndiGo,CCU,DEL,CCU → DEL,2026-04-20 21:44:41.703,2026-04-20 22:39:41.703,2026-04-20,55.0,55.0,55.0,0.0,False,False,False,False,False,False,False,False,False,False,False,False,False,True,False,Valid
Vistara|UK003|HYD|DEL|2026-04-20 21:41:41.700,UK003,Vistara,HYD,DEL,HYD → DEL,2026-04-20 21:41:41.700,2026-04-21 02:19:41.700,2026-04-20,278.0,278.0,278.0,0.0,True,False,False,False,False,False,False,False,False,False,False,False,False,True,False,Valid
Vistara|UK026|HYD|MAA|2026-04-20 21:38:41.701,UK026,Vistara,HYD,MAA,HYD → MAA,2026-04-20 21:38:41.701,2026-04-20 23:44:41.701,2026-04-20,126.0,126.0,126.0,0.0,False,False,False,False,False,False,False,False,False,False,False,False,False,True,False,Valid
IndiGo|6F174|DEL|HYD|2026-04-20 21:36:41.703,6F174,IndiGo,DEL,HYD,DEL → HYD,2026-04-20 21:36:41.703,2026-04-20 22:16:41.703,2026-04-20,40.0,40.0,40.0,0.0,False,False,False,False,False,False,False,False,False,False,False,False,False,True,False,Valid
Vistara|UK067|BOM|CCU|2026-04-20 21:36:41.701,UK067,Vistara,BOM,CCU,BOM → CCU,2026-04-20 21:36:41.701,2026-04-21 01:02:41.701,2026-04-20,206.0,206.0,206.0,0.0,True,False,False,False,False,False,False,False,False,False,False,False,False,True,False,Valid
SpiceJet|SJ149|HYD|MAA|2026-04-20 21:20:41.702,SJ149,SpiceJet,HYD,MAA,HYD → MAA,2026-04-20 21:20:41.702,2026-04-20 23:20:42.000,2026-04-20,120.00496666666666,120.00496666666666,120.00496666666666,0.0,False,False,False,False,False,False,False,False,False,False,False,False,False,True,False,Valid
IndiGo|6F213|BLR|BOM|2026-04-20 21:05:41.703,6F213,IndiGo,BLR,BOM,BLR → BOM,2026-04-20 21:05:41.703,2026-04-21 00:32:41.703,2026-04-20,207.0,207.0,207.0,0.0,True,False,False,False,False,False,False,False,False,False,False,False,False,True,False,Valid
Vistara|UK200|CCU|DEL|2026-04-20 20:54:41.703,UK200,Vistara,CCU,DEL,CCU → DEL,2026-04-20 20:54:41.703,2026-04-20 22:45:41.703,2026-04-20,111.0,111.0,111.0,0.0,False,False,False,False,False,False,False,False,False,False,False,False,False,True,False,Valid
SpiceJet|SJ214|BOM|MAA|2026-04-20 20:54:41.703,SJ214,SpiceJet,BOM,MAA,BOM → MAA,2026-04-20 20:54:41.703,2026-04-20 22:10:41.703,2026-04-20,76.0,76.0,76.0,0.0,False,False,False,False,False,False,False,False,False,False,False,False,False,True,False,Valid
SpiceJet|SJ047|HYD|BOM|2026-04-20 20:44:41.701,SJ047,SpiceJet,HYD,BOM,HYD → BOM,2026-04-20 20:44:41.701,2026-04-20 21:21:41.701,2026-04-20,37.0,37.0,37.0,0.0,False,False,False,False,False,False,False,False,False,False,False,False,False,True,False,Valid
Air India|AI179|HYD|BOM|2026-04-20 20:41:41.703,AI179,Air India,HYD,BOM,HYD → BOM,2026-04-20 20:41:41.703,2026-04-21 01:19:41.703,2026-04-20,278.0,278.0,278.0,0.0,True,False,False,False,False,False,False,False,False,False,False,False,False,True,False,Valid
SpiceJet|SJ153|DEL|CCU|2026-04-20 20:37:41.702,SJ153,SpiceJet,DEL,CCU,DEL → CCU,2026-04-20 20:37:41.702,2026-04-20 22:00:41.702,2026-04-20,83.0,83.0,83.0,0.0,False,False,False,False,False,False,False,False,False,False,False,False,False,True,False,Valid
IndiGo|6F236|BOM|DEL|2026-04-20 20:35:41.704,6F236,IndiGo,BOM,DEL,BOM → DEL,2026-04-20 20:35:41.704,2026-04-20 23:54:41.704,2026-04-20,199.0,199.0,199.0,0.0,False,False,False,False,False,False,False,False,False,False,False,False,False,True,False,Valid
Vistara|UK059|HYD|MAA|2026-04-20 20:33:41.701,UK059,Vistara,HYD,MAA,HYD → MAA,2026-04-20 20:33:41.701,2026-04-20 22:10:41.701,2026-04-20,97.0,97.0,97.0,0.0,False,False,False,False,False,False,False,False,False,False,False,False,False,True,False,Valid
SpiceJet|SJ001|BOM|MAA|2026-04-20 20:28:41.700,SJ001,SpiceJet,BOM,MAA,BOM → MAA,2026-04-20 20:28:41.700,2026-04-21 01:15:41.700,2026-04-20,287.0,287.0,287.0,0.0,True,False,False,False,False,False,False,False,False,False,False,False,False,True,False,Valid
SpiceJet|SJ049|CCU|DEL|2026-04-20 20:26:41.701,SJ049,SpiceJet,CCU,DEL,CCU → DEL,2026-04-20 20:26:41.701,2026-04-21 00:26:41.701,2026-04-20,240.0,240.0,240.0,0.0,True,False,False,False,False,False,False,False,False,False,False,False,False,True,False,Valid
IndiGo|6F086|MAA|HYD|2026-04-20 20:23:41.702,6F086,IndiGo,MAA,HYD,MAA → HYD,2026-04-20 20:23:41.702,2026-04-20 21:00:41.702,2026-04-20,37.0,37.0,37.0,0.0,False,False,False,False,False,False,False,False,False,False,False,False,False,True,False,Valid
Air India|AI220|BOM|DEL|2026-04-20 20:19:41.703,AI220,Air India,BOM,DEL,BOM → DEL,2026-04-20 20:19:41.703,2026-04-20 21:57:41.703,2026-04-20,98.0,98.0,98.0,0.0,False,False,False,False,False,False,False,False,False,False,False,False,False,True,False,Valid
Air India|AI188|CCU|HYD|2026-04-20 20:16:41.703,AI188,Air India,CCU,HYD,CCU → HYD,2026-04-20 20:16:41.703,2026-04-20 23:02:41.703,2026-04-20,166.0,166.0,166.0,0.0,False,False,False,False,False,False,False,False,False,False,False,False,False,True,False,Valid
IndiGo|6F114|BOM|MAA|2026-04-20 20:10:41.702,6F114,IndiGo,BOM,MAA,BOM → MAA,2026-04-20 20:10:41.702,2026-04-20 21:00:41.702,2026-04-20,50.0,50.0,50.0,0.0,False,False,False,False,False,False,False,False,False,False,False,False,False,True,False,Valid
SpiceJet|SJ179|DEL|HYD|2026-04-20 20:09:41.703,SJ179,SpiceJet,DEL,HYD,DEL → HYD,2026-04-20 20:09:41.703,2026-04-20 23:39:41.703,2026-04-20,210.0,210.0,210.0,0.0,False,False,False,False,False,False,False,False,False,False,False,False,False,True,False,Valid
IndiGo|6F190|DEL|MAA|2026-04-20 20:02:41.703,6F190,IndiGo,DEL,MAA,DEL → MAA,2026-04-20 20:02:41.703,2026-04-21 00:36:41.703,2026-04-20,274.0,274.0,274.0,0.0,True,False,False,False,False,False,False,False,False,False,False,False,False,True,False,Valid
SpiceJet|SJ003|MAA|CCU|2026-04-20 19:50:41.701,SJ003,SpiceJet,MAA,CCU,MAA → CCU,2026-04-20 19:50:41.701,2026-04-20 20:32:41.701,2026-04-20,42.0,42.0,42.0,0.0,False,False,False,False,False,False,False,False,False,False,False,False,False,True,False,Valid
IndiGo|6F028|HYD|CCU|2026-04-20 19:49:41.701,6F028,IndiGo,HYD,CCU,HYD → CCU,2026-04-20 19:49:41.701,2026-04-20 21:49:41.701,2026-04-20,120.0,120.0,120.0,0.0,False,False,False,False,False,False,False,False,False,False,False,False,False,True,False,Valid
Vistara|UK036|CCU|BLR|2026-04-20 19:48:41.701,UK036,Vistara,CCU,BLR,CCU → BLR,2026-04-20 19:48:41.701,2026-04-21 00:12:41.701,2026-04-20,264.0,264.0,264.0,0.0,True,False,False,False,False,False,False,False,False,False,False,False,False,True,False,Valid
SpiceJet|SJ160|MAA|BLR|2026-04-20 19:45:41.703,SJ160,SpiceJet,MAA,BLR,MAA → BLR,2026-04-20 19:45:41.703,2026-04-20 20:30:41.703,2026-04-20,45.0,45.0,45.0,0.0,False,False,False,False,False,False,False,False,False,False,False,False,False,True,False,Valid
IndiGo|6F151|CCU|HYD|2026-04-20 19:44:41.703,6F151,IndiGo,CCU,HYD,CCU → HYD,2026-04-20 19:44:41.703,2026-04-20 22:04:41.703,2026-04-20,140.0,140.0,140.0,0.0,False,False,False,False,False,False,False,False,False,False,False,False,False,True,False,Valid
Vistara|UK140|MAA|BLR|2026-04-20 19:37:41.703,UK140,Vistara,MAA,BLR,MAA → BLR,2026-04-20 19:37:41.703,2026-04-20 21:00:41.703,2026-04-20,83.0,83.0,83.0,0.0,False,False,False,False,False,False,False,False,False,False,False,False,False,True,False,Valid
Air India|AI115|MAA|BLR|2026-04-20 19:37:41.702,AI115,Air India,MAA,BLR,MAA → BLR,2026-04-20 19:37:41.702,2026-04-21 00:26:41.702,2026-04-20,289.0,289.0,289.0,0.0,True,False,False,False,False,False,False,False,False,False,False,False,False,True,False,Valid
Air India|AI132|BLR|BOM|2026-04-20 19:32:41.702,AI132,Air India,BLR,BOM,BLR → BOM,2026-04-20 19:32:41.702,2026-04-20 21:41:41.702,2026-04-20,129.0,129.0,129.0,0.0,False,False,False,False,False,False,False,False,False,False,False,False,False,True,False,Valid
Vistara|UK209|MAA|BLR|2026-04-20 19:02:41.704,UK209,Vistara,MAA,BLR,MAA → BLR,2026-04-20 19:02:41.704,2026-04-20 21:47:41.704,2026-04-20,165.0,165.0,165.0,0.0,False,False,False,False,False,False,False,False,False,False,False,False,False,True,False,Valid
SpiceJet|SJ043|MAA|DEL|2026-04-20 18:59:41.701,SJ043,SpiceJet,MAA,DEL,MAA → DEL,2026-04-20 18:59:41.701,2026-04-20 21:08:41.701,2026-04-20,129.0,129.0,129.0,0.0,False,False,False,False,False,False,False,False,False,False,False,False,False,True,False,Valid
Vistara|UK176|HYD|BLR|2026-04-20 18:41:41.703,UK176,Vistara,HYD,BLR,HYD → BLR,2026-04-20 18:41:41.703,2026-04-20 22:49:41.703,2026-04-20,248.0,248.0,248.0,0.0,False,False,False,False,False,False,False,False,False,False,False,False,False,True,False,Valid
Vistara|UK216|MAA|HYD|2026-04-20 18:33:41.704,UK216,Vistara,MAA,HYD,MAA → HYD,2026-04-20 18:33:41.704,2026-04-20 21:47:41.704,2026-04-20,194.0,194.0,194.0,0.0,False,False,False,False,False,False,False,False,False,False,False,False,False,True,False,Valid
Vistara|UK150|DEL|CCU|2026-04-20 18:31:41.703,UK150,Vistara,DEL,CCU,DEL → CCU,2026-04-20 18:31:41.703,2026-04-20 19:01:41.703,2026-04-20,30.0,30.0,30.0,0.0,False,False,False,False,False,False,False,False,False,False,False,False,False,True,False,Valid
Vistara|UK145|BOM|HYD|2026-04-20 18:30:41.703,UK145,Vistara,BOM,HYD,BOM → HYD,2026-04-20 18:30:41.703,2026-04-20 20:41:41.703,2026-04-20,131.0,131.0,131.0,0.0,False,False,False,False,False,False,False,False,False,False,False,False,False,True,False,Valid
IndiGo|6F270|HYD|MAA|2026-04-20 18:14:41.701,6F270,IndiGo,HYD,MAA,HYD → MAA,2026-04-20 18:14:41.701,2026-04-20 19:02:41.701,2026-04-20,48.0,48.0,48.0,0.0,False,False,False,False,False,False,False,False,False,False,False,False,False,True,False,Valid
IndiGo|6F012|CCU|HYD|2026-04-20 18:06:41.701,6F012,IndiGo,CCU,HYD,CCU → HYD,2026-04-20 18:06:41.701,2026-04-20 21:31:41.701,2026-04-20,205.0,205.0,205.0,0.0,False,False,False,False,False,False,False,False,False,False,False,False,False,True,False,Valid
SpiceJet|SJ236|MAA|BOM|2026-04-20 18:03:41.704,SJ236,SpiceJet,MAA,BOM,MAA → BOM,2026-04-20 18:03:41.704,2026-04-20 22:02:41.704,2026-04-20,239.0,239.0,239.0,0.0,False,False,False,False,False,False,False,False,False,False,False,False,False,True,False,Valid
IndiGo|6F149|BLR|CCU|2026-04-20 17:57:41.703,6F149,IndiGo,BLR,CCU,BLR → CCU,2026-04-20 17:57:41.703,2026-04-20 20:42:41.703,2026-04-20,165.0,165.0,165.0,0.0,False,False,False,False,False,False,False,False,False,False,False,False,False,True,False,Valid
Vistara|UK004|BOM|CCU|2026-04-20 17:56:41.700,UK004,Vistara,BOM,CCU,BOM → CCU,2026-04-20 17:56:41.700,2026-04-20 18:30:41.700,2026-04-20,34.0,34.0,34.0,0.0,False,False,False,False,False,False,False,False,False,False,False,False,False,True,False,Valid
Vistara|UK010|MAA|HYD|2026-04-20 17:53:41.701,UK010,Vistara,MAA,HYD,MAA → HYD,2026-04-20 17:53:41.701,2026-04-20 20:40:41.701,2026-04-20,167.0,167.0,167.0,0.0,False,False,False,False,False,False,False,False,False,False,False,False,False,True,False,Valid
Vistara|UK215|BOM|DEL|2026-04-20 17:38:41.704,UK215,Vistara,BOM,DEL,BOM → DEL,2026-04-20 17:38:41.704,2026-04-20 19:50:41.704,2026-04-20,132.0,132.0,132.0,0.0,False,False,False,False,False,False,False,False,False,False,False,False,False,True,False,Valid
SpiceJet|SJ116|HYD|CCU|2026-04-20 17:33:41.702,SJ116,SpiceJet,HYD,CCU,HYD → CCU,2026-04-20 17:33:41.702,2026-04-20 19:02:41.702,2026-04-20,89.0,89.0,89.0,0.0,False,False,False,False,False,False,False,False,False,False,False,False,False,True,False,Valid
SpiceJet|SJ023|HYD|MAA|2026-04-20 17:27:41.701,SJ023,SpiceJet,HYD,MAA,HYD → MAA,2026-04-20 17:27:41.701,2026-04-20 19:09:41.701,2026-04-20,102.0,102.0,102.0,0.0,False,False,False,False,False,False,False,False,False,False,False,False,False,True,False,Valid
Vistara|UK152|BOM|CCU|2026-04-20 17:24:41.703,UK152,Vistara,BOM,CCU,BOM → CCU,2026-04-20 17:24:41.703,2026-04-20 20:13:41.703,2026-04-20,169.0,169.0,169.0,0.0,False,False,False,False,False,False,False,False,False,False,False,False,False,True,False,Valid
SpiceJet|SJ202|CCU|HYD|2026-04-20 17:21:41.703,SJ202,SpiceJet,CCU,HYD,CCU → HYD,2026-04-20 17:21:41.703,2026-04-20 19:08:41.703,2026-04-20,107.0,107.0,107.0,0.0,False,False,False,False,False,False,False,False,False,False,False,False,False,True,False,Valid
IndiGo|6F043|BOM|HYD|2026-04-20 17:17:41.701,6F043,IndiGo,BOM,HYD,BOM → HYD,2026-04-20 17:17:41.701,2026-04-20 18:43:41.701,2026-04-20,86.0,86.0,86.0,0.0,False,False,False,False,False,False,False,False,False,False,False,False,False,True,False,Valid
Vistara|UK173|MAA|BLR|2026-04-20 17:06:41.703,UK173,Vistara,MAA,BLR,MAA → BLR,2026-04-20 17:06:41.703,2026-04-20 21:22:41.703,2026-04-20,256.0,256.0,256.0,0.0,False,False,False,False,False,False,False,False,False,False,False,False,False,True,False,Valid
SpiceJet|SJ081|BOM|BLR|2026-04-20 17:04:41.702,SJ081,SpiceJet,BOM,BLR,BOM → BLR,2026-04-20 17:04:41.702,2026-04-20 18:53:41.702,2026-04-20,109.0,109.0,109.0,0.0,False,False,False,False,False,False,False,False,False,False,False,False,False,True,False,Valid
Vistara|UK153|CCU|HYD|2026-04-20 16:52:41.703,UK153,Vistara,CCU,HYD,CCU → HYD,2026-04-20 16:52:41.703,2026-04-20 20:53:41.703,2026-04-20,241.0,241.0,241.0,0.0,False,False,False,False,False,False,False,False,False,False,False,False,False,True,False,Valid
Vistara|UK187|BLR|BOM|2026-04-20 16:52:41.703,UK187,Vistara,BLR,BOM,BLR → BOM,2026-04-20 16:52:41.703,2026-04-20 18:42:41.703,2026-04-20,110.0,110.0,110.0,0.0,False,False,False,False,False,False,False,False,False,False,False,False,False,True,False,Valid
Vistara|UK055|HYD|DEL|2026-04-20 16:48:41.701,UK055,Vistara,HYD,DEL,HYD → DEL,2026-04-20 16:48:41.701,2026-04-20 19:31:41.701,2026-04-20,163.0,163.0,163.0,0.0,False,False,False,False,False,False,False,False,False,False,False,False,False,True,False,Valid
Vistara|UK181|MAA|DEL|2026-04-20 16:44:41.703,UK181,Vistara,MAA,DEL,MAA → DEL,2026-04-20 16:44:41.703,2026-04-20 19:26:41.703,2026-04-20,162.0,162.0,162.0,0.0,False,False,False,False,False,False,False,False,False,False,False,False,False,True,False,Valid
Vistara|UK074|BOM|DEL|2026-04-20 16:44:41.702,UK074,Vistara,BOM,DEL,BOM → DEL,2026-04-20 16:44:41.702,2026-04-20 18:41:41.702,2026-04-20,117.0,117.0,117.0,0.0,False,False,False,False,False,False,False,False,False,False,False,False,False,True,False,Valid
SpiceJet|SJ068|BLR|BOM|2026-04-20 16:44:41.701,SJ068,SpiceJet,BLR,BOM,BLR → BOM,2026-04-20 16:44:41.701,2026-04-20 18:48:41.701,2026-04-20,124.0,124.0,124.0,0.0,False,False,False,False,False,False,False,False,False,False,False,False,False,True,False,Valid
Air India|AI242|BLR|CCU|2026-04-20 16:41:41.704,AI242,Air India,BLR,CCU,BLR → CCU,2026-04-20 16:41:41.704,2026-04-20 17:43:41.704,2026-04-20,62.0,62.0,62.0,0.0,False,False,False,False,False,False,False,False,False,False,False,False,False,True,False,Valid
SpiceJet|SJ237|BOM|CCU|2026-04-20 16:32:41.704,SJ237,SpiceJet,BOM,CCU,BOM → CCU,2026-04-20 16:32:41.704,2026-04-20 19:00:41.704,2026-04-20,148.0,148.0,148.0,0.0,False,False,False,False,False,False,False,False,False,False,False,False,False,True,False,Valid
IndiGo|6F194|BOM|CCU|2026-04-20 16:29:41.703,6F194,IndiGo,BOM,CCU,BOM → CCU,2026-04-20 16:29:41.703,2026-04-20 18:27:41.703,2026-04-20,118.0,118.0,118.0,0.0,False,False,False,False,False,False,False,False,False,False,False,False,False,True,False,Valid
Vistara|UK063|DEL|BOM|2026-04-20 16:29:41.701,UK063,Vistara,DEL,BOM,DEL → BOM,2026-04-20 16:29:41.701,2026-04-20 17:41:41.701,2026-04-20,72.0,72.0,72.0,0.0,False,False,False,False,False,False,False,False,False,False,False,False,False,True,False,Valid
Vistara|UK068|BLR|MAA|2026-04-20 16:28:41.701,UK068,Vistara,BLR,MAA,BLR → MAA,2026-04-20 16:28:41.701,2026-04-20 18:09:41.701,2026-04-20,101.0,101.0,101.0,0.0,False,False,False,False,False,False,False,False,False,False,False,False,False,True,False,Valid
Vistara|UK224|CCU|MAA|2026-04-20 16:25:41.704,UK224,Vistara,CCU,MAA,CCU → MAA,2026-04-20 16:25:41.704,2026-04-20 20:24:41.704,2026-04-20,239.0,239.0,239.0,0.0,False,False,False,False,False,False,False,False,False,False,False,False,False,True,False,Valid
Vistara|UK077|HYD|BOM|2026-04-20 16:22:41.702,UK077,Vistara,HYD,BOM,HYD → BOM,2026-04-20 16:22:41.702,2026-04-20 18:00:41.702,2026-04-20,98.0,98.0,98.0,0.0,False,False,False,False,False,False,False,False,False,False,False,False,False,True,False,Valid
Vistara|UK207|MAA|CCU|2026-04-20 16:21:41.703,UK207,Vistara,MAA,CCU,MAA → CCU,2026-04-20 16:21:41.703,2026-04-20 17:36:41.703,2026-04-20,75.0,75.0,75.0,0.0,False,False,False,False,False,False,False,False,False,False,False,False,False,True,False,Valid
Air India|AI221|MAA|HYD|2026-04-20 16:18:41.703,AI221,Air India,MAA,HYD,MAA → HYD,2026-04-20 16:18:41.703,2026-04-20 18:54:41.703,2026-04-20,156.0,156.0,156.0,0.0,False,False,False,False,False,False,False,False,False,False,False,False,False,True,False,Valid
Vistara|UK109|BLR|BOM|2026-04-20 16:06:41.702,UK109,Vistara,BLR,BOM,BLR → BOM,2026-04-20 16:06:41.702,2026-04-20 17:06:42.000,2026-04-20,60.00496666666666,60.00496666666666,60.00496666666666,0.0,False,False,False,False,False,False,False,False,False,False,False,False,False,True,False,Valid
Vistara|UK089|BOM|HYD|2026-04-20 15:38:41.702,UK089,Vistara,BOM,HYD,BOM → HYD,2026-04-20 15:38:41.702,2026-04-20 19:50:41.702,2026-04-20,252.0,252.0,252.0,0.0,False,False,False,False,False,False,False,False,False,False,False,False,False,True,False,Valid
Air India|AI072|BLR|CCU|2026-04-20 15:34:41.702,AI072,Air India,BLR,CCU,BLR → CCU,2026-04-20 15:34:41.702,2026-04-20 16:32:41.702,2026-04-20,58.0,58.0,58.0,0.0,False,False,False,False,False,False,False,False,False,False,False,False,False,True,False,Valid
Vistara|UK131|BOM|DEL|2026-04-20 15:33:41.702,UK131,Vistara,BOM,DEL,BOM → DEL,2026-04-20 15:33:41.702,2026-04-20 19:39:41.702,2026-04-20,246.0,246.0,246.0,0.0,False,False,False,False,False,False,False,False,False,False,False,False,False,True,False,Valid
SpiceJet|SJ150|BOM|HYD|2026-04-20 15:33:41.702,SJ150,SpiceJet,BOM,HYD,BOM → HYD,2026-04-20 15:33:41.702,2026-04-20 19:03:41.702,2026-04-20,210.0,210.0,210.0,0.0,False,False,False,False,False,False,False,False,False,False,False,False,False,True,False,Valid
IndiGo|6F097|BLR|BOM|2026-04-20 15:32:41.702,6F097,IndiGo,BLR,BOM,BLR → BOM,2026-04-20 15:32:41.702,2026-04-20 16:49:41.702,2026-04-20,77.0,77.0,77.0,0.0,False,False,False,False,False,False,False,False,False,False,False,False,False,True,False,Valid
IndiGo|6F123|DEL|HYD|2026-04-20 15:26:41.702,6F123,IndiGo,DEL,HYD,DEL → HYD,2026-04-20 15:26:41.702,2026-04-20 17:12:41.702,2026-04-20,106.0,106.0,106.0,0.0,False,False,False,False,False,False,False,False,False,False,False,False,False,True,False,Valid
IndiGo|6F017|CCU|BOM|2026-04-20 15:25:41.701,6F017,IndiGo,CCU,BOM,CCU → BOM,2026-04-20 15:25:41.701,2026-04-20 18:06:41.701,2026-04-20,161.0,161.0,161.0,0.0,False,False,False,False,False,False,False,False,False,False,False,False,False,True,False,Valid
IndiGo|6F245|CCU|BOM|2026-04-20 15:25:41.701,6F245,IndiGo,CCU,BOM,CCU → BOM,2026-04-20 15:25:41.701,2026-04-20 18:06:41.701,2026-04-20,161.0,161.0,161.0,0.0,False,False,False,False,False,False,False,False,False,False,False,False,False,True,False,Valid
IndiGo|6F180|MAA|BLR|2026-04-20 15:24:41.703,6F180,IndiGo,MAA,BLR,MAA → BLR,2026-04-20 15:24:41.703,2026-04-20 19:48:41.703,2026-04-20,264.0,264.0,264.0,0.0,False,False,False,False,False,False,False,False,False,False,False,False,False,True,False,Valid
IndiGo|6F152|CCU|DEL|2026-04-20 15:21:41.703,6F152,IndiGo,CCU,DEL,CCU → DEL,2026-04-20 15:21:41.703,2026-04-20 17:25:41.703,2026-04-20,124.0,124.0,124.0,0.0,False,False,False,False,False,False,False,False,False,False,False,False,False,True,False,Valid
SpiceJet|SJ034|MAA|BOM|2026-04-20 15:20:41.701,SJ034,SpiceJet,MAA,BOM,MAA → BOM,2026-04-20 15:20:41.701,2026-04-20 20:11:41.701,2026-04-20,291.0,291.0,291.0,0.0,False,False,False,False,False,False,False,False,False,False,False,False,False,True,False,Valid
SpiceJet|SJ142|CCU|BOM|2026-04-20 15:14:41.702,SJ142,SpiceJet,CCU,BOM,CCU → BOM,2026-04-20 15:14:41.702,2026-04-20 16:56:41.702,2026-04-20,102.0,102.0,102.0,0.0,False,False,False,False,False,False,False,False,False,False,False,False,False,True,False,Valid
Vistara|UK189|BLR|MAA|2026-04-20 15:07:41.703,UK189,Vistara,BLR,MAA,BLR → MAA,2026-04-20 15:07:41.703,2026-04-20 18:51:41.703,2026-04-20,224.0,224.0,224.0,0.0,False,False,False,False,False,False,False,False,False,False,False,False,False,True,False,Valid
SpiceJet|SJ044|DEL|CCU|2026-04-20 15:06:41.701,SJ044,SpiceJet,DEL,CCU,DEL → CCU,2026-04-20 15:06:41.701,2026-04-20 17:43:41.701,2026-04-20,157.0,157.0,157.0,0.0,False,False,False,False,False,False,False,False,False,False,False,False,False,True,False,Valid
SpiceJet|SJ196|DEL|HYD|2026-04-20 14:58:41.703,SJ196,SpiceJet,DEL,HYD,DEL → HYD,2026-04-20 14:58:41.703,2026-04-20 17:44:41.703,2026-04-20,166.0,166.0,166.0,0.0,False,False,False,False,False,False,False,False,False,False,False,False,False,True,False,Valid
IndiGo|6F188|DEL|HYD|2026-04-20 14:57:41.703,6F188,IndiGo,DEL,HYD,DEL → HYD,2026-04-20 14:57:41.703,2026-04-20 19:39:41.703,2026-04-20,282.0,282.0,282.0,0.0,False,False,False,False,False,False,False,False,False,False,False,False,False,True,False,Valid
IndiGo|6F181|BOM|MAA|2026-04-20 14:55:41.703,6F181,IndiGo,BOM,MAA,BOM → MAA,2026-04-20 14:55:41.703,2026-04-20 16:43:41.703,2026-04-20,108.0,108.0,108.0,0.0,False,False,False,False,False,False,False,False,False,False,False,False,False,True,False,Valid
IndiGo|6F077|CCU|DEL|2026-04-20 14:55:41.702,6F077,IndiGo,CCU,DEL,CCU → DEL,2026-04-20 14:55:41.702,2026-04-20 19:13:41.702,2026-04-20,258.0,258.0,258.0,0.0,False,False,False,False,False,False,False,False,False,False,False,False,False,True,False,Valid
SpiceJet|SJ154|BLR|HYD|2026-04-20 14:47:41.702,SJ154,SpiceJet,BLR,HYD,BLR → HYD,2026-04-20 14:47:41.702,2026-04-20 16:26:41.702,2026-04-20,99.0,99.0,99.0,0.0,False,False,False,False,False,False,False,False,False,False,False,False,False,True,False,Valid
Air India|AI025|HYD|DEL|2026-04-20 14:46:41.701,AI025,Air India,HYD,DEL,HYD → DEL,2026-04-20 14:46:41.701,2026-04-20 17:11:41.701,2026-04-20,145.0,145.0,145.0,0.0,False,False,False,False,False,False,False,False,False,False,False,False,False,True,False,Valid
Air India|AI094|DEL|BLR|2026-04-20 14:44:41.702,AI094,Air India,DEL,BLR,DEL → BLR,2026-04-20 14:44:41.702,2026-04-20 15:44:42.000,2026-04-20,60.00496666666666,60.00496666666666,60.00496666666666,0.0,False,False,False,False,False,False,False,False,False,False,False,False,False,True,False,Valid
IndiGo|6F191|BLR|DEL|2026-04-20 14:41:41.703,6F191,IndiGo,BLR,DEL,BLR → DEL,2026-04-20 14:41:41.703,2026-04-20 15:11:41.703,2026-04-20,30.0,30.0,30.0,0.0,False,False,False,False,False,False,False,False,False,False,False,False,False,True,False,Valid
SpiceJet|SJ085|BLR|MAA|2026-04-20 14:41:41.702,SJ085,SpiceJet,BLR,MAA,BLR → MAA,2026-04-20 14:41:41.702,2026-04-20 19:11:41.702,2026-04-20,270.0,270.0,270.0,0.0,False,False,False,False,False,False,False,False,False,False,False,False,False,True,False,Valid
IndiGo|6F261|CCU|DEL|2026-04-20 14:31:41.703,6F261,IndiGo,CCU,DEL,CCU → DEL,2026-04-20 14:31:41.703,2026-04-20 17:29:41.703,2026-04-20,178.0,178.0,178.0,0.0,False,False,False,False,False,False,False,False,False,False,False,False,False,True,False,Valid
IndiGo|6F129|DEL|CCU|2026-04-20 14:28:41.702,6F129,IndiGo,DEL,CCU,DEL → CCU,2026-04-20 14:28:41.702,2026-04-20 16:47:41.702,2026-04-20,139.0,139.0,139.0,0.0,False,False,False,False,False,False,False,False,False,False,False,False,False,True,False,Valid
IndiGo|6F254|MAA|BLR|2026-04-20 14:26:41.703,6F254,IndiGo,MAA,BLR,MAA → BLR,2026-04-20 14:26:41.703,2026-04-20 18:01:41.703,2026-04-20,215.0,215.0,215.0,0.0,False,False,False,False,False,False,False,False,False,False,False,False,False,True,False,Valid
SpiceJet|SJ185|BOM|CCU|2026-04-20 14:21:41.703,SJ185,SpiceJet,BOM,CCU,BOM → CCU,2026-04-20 14:21:41.703,2026-04-20 15:21:41.703,2026-04-20,60.0,60.0,60.0,0.0,False,False,False,False,False,False,False,False,False,False,False,False,False,True,False,Valid
IndiGo|6F030|BOM|DEL|2026-04-20 14:20:41.701,6F030,IndiGo,BOM,DEL,BOM → DEL,2026-04-20 14:20:41.701,2026-04-20 17:10:41.701,2026-04-20,170.0,170.0,170.0,0.0,False,False,False,False,False,False,False,False,False,False,False,False,False,True,False,Valid
SpiceJet|SJ222|BOM|DEL|2026-04-20 14:15:41.703,SJ222,SpiceJet,BOM,DEL,BOM → DEL,2026-04-20 14:15:41.703,2026-04-20 17:09:41.703,2026-04-20,174.0,174.0,174.0,0.0,False,False,False,False,False,False,False,False,False,False,False,False,False,True,False,Valid
IndiGo|6F259|BOM|DEL|2026-04-20 14:10:41.703,6F259,IndiGo,BOM,DEL,BOM → DEL,2026-04-20 14:10:41.703,2026-04-20 15:21:41.703,2026-04-20,71.0,71.0,71.0,0.0,False,False,False,False,False,False,False,False,False,False,False,False,False,True,False,Valid
Vistara|UK083|DEL|HYD|2026-04-20 14:10:41.702,UK083,Vistara,DEL,HYD,DEL → HYD,2026-04-20 14:10:41.702,2026-04-20 14:59:41.702,2026-04-20,49.0,49.0,49.0,0.0,False,False,False,False,False,False,False,False,False,False,False,False,False,True,False,Valid
IndiGo|6F051|BLR|BOM|2026-04-20 13:58:41.701,6F051,IndiGo,BLR,BOM,BLR → BOM,2026-04-20 13:58:41.701,2026-04-20 15:58:41.701,2026-04-20,120.0,120.0,120.0,0.0,False,False,False,False,False,False,False,False,False,False,False,False,False,True,False,Valid
SpiceJet|SJ088|CCU|MAA|2026-04-20 13:54:41.702,SJ088,SpiceJet,CCU,MAA,CCU → MAA,2026-04-20 13:54:41.702,2026-04-20 14:26:41.702,2026-04-20,32.0,32.0,32.0,0.0,False,False,False,False,False,False,False,False,False,False,False,False,False,True,False,Valid
IndiGo|6F146|HYD|MAA|2026-04-20 13:51:41.703,6F146,IndiGo,HYD,MAA,HYD → MAA,2026-04-20 13:51:41.703,2026-04-20 15:07:41.703,2026-04-20,76.0,76.0,76.0,0.0,False,False,False,False,False,False,False,False,False,False,False,False,False,True,False,Valid
IndiGo|6F047|MAA|DEL|2026-04-20 13:50:41.701,6F047,IndiGo,MAA,DEL,MAA → DEL,2026-04-20 13:50:41.701,2026-04-20 15:55:41.701,2026-04-20,125.0,125.0,125.0,0.0,False,False,False,False,False,False,False,False,False,False,False,False,False,True,False,Valid
Air India|AI077|CCU|HYD|2026-04-20 13:45:41.702,AI077,Air India,CCU,HYD,CCU → HYD,2026-04-20 13:45:41.702,2026-04-20 14:51:41.702,2026-04-20,66.0,66.0,66.0,0.0,False,False,False,False,False,False,False,False,False,False,False,False,False,True,False,Valid
Vistara|UK134|HYD|CCU|2026-04-20 13:44:41.702,UK134,Vistara,HYD,CCU,HYD → CCU,2026-04-20 13:44:41.702,2026-04-20 17:26:41.702,2026-04-20,222.0,222.0,222.0,0.0,False,False,False,False,False,False,False,False,False,False,False,False,False,True,False,Valid
Air India|AI056|DEL|MAA|2026-04-20 13:44:41.701,AI056,Air India,DEL,MAA,DEL → MAA,2026-04-20 13:44:41.701,2026-04-20 17:39:41.701,2026-04-20,235.0,235.0,235.0,0.0,False,False,False,False,False,False,False,False,False,False,False,False,False,True,False,Valid
Vistara|UK141|HYD|MAA|2026-04-20 13:38:41.703,UK141,Vistara,HYD,MAA,HYD → MAA,2026-04-20 13:38:41.703,2026-04-20 15:59:41.703,2026-04-20,141.0,141.0,141.0,0.0,False,False,False,False,False,False,False,False,False,False,False,False,False,True,False,Valid
Air India|AI030|CCU|HYD|2026-04-20 13:33:41.701,AI030,Air India,CCU,HYD,CCU → HYD,2026-04-20 13:33:41.701,2026-04-20 16:52:41.701,2026-04-20,199.0,199.0,199.0,0.0,False,False,False,False,False,False,False,False,False,False,False,False,False,True,False,Valid
Air India|AI029|MAA|DEL|2026-04-20 13:29:41.701,AI029,Air India,MAA,DEL,MAA → DEL,2026-04-20 13:29:41.701,2026-04-20 17:53:41.701,2026-04-20,264.0,264.0,264.0,0.0,False,False,False,False,False,False,False,False,False,False,False,False,False,True,False,Valid
SpiceJet|SJ167|MAA|CCU|2026-04-20 13:18:41.703,SJ167,SpiceJet,MAA,CCU,MAA → CCU,2026-04-20 13:18:41.703,2026-04-20 14:12:41.703,2026-04-20,54.0,54.0,54.0,0.0,False,False,False,False,False,False,False,False,False,False,False,False,False,True,False,Valid
Vistara|UK017|BLR|HYD|2026-04-20 13:14:41.701,UK017,Vistara,BLR,HYD,BLR → HYD,2026-04-20 13:14:41.701,2026-04-20 14:49:41.701,2026-04-20,95.0,95.0,95.0,0.0,False,False,False,False,False,False,False,False,False,False,False,False,False,True,False,Valid
IndiGo|6F229|MAA|DEL|2026-04-20 13:10:41.704,6F229,IndiGo,MAA,DEL,MAA → DEL,2026-04-20 13:10:41.704,2026-04-20 14:30:41.704,2026-04-20,80.0,80.0,80.0,0.0,False,False,False,False,False,False,False,False,False,False,False,False,False,True,False,Valid
SpiceJet|SJ117|MAA|BLR|2026-04-20 13:10:41.702,SJ117,SpiceJet,MAA,BLR,MAA → BLR,2026-04-20 13:10:41.702,2026-04-20 17:06:41.702,2026-04-20,236.0,236.0,236.0,0.0,False,False,False,False,False,False,False,False,False,False,False,False,False,True,False,Valid
IndiGo|6F184|MAA|BOM|2026-04-20 13:05:41.703,6F184,IndiGo,MAA,BOM,MAA → BOM,2026-04-20 13:05:41.703,2026-04-20 16:04:41.703,2026-04-20,179.0,179.0,179.0,0.0,False,False,False,False,False,False,False,False,False,False,False,False,False,True,False,Valid
Air India|AI031|DEL|MAA|2026-04-20 13:05:41.701,AI031,Air India,DEL,MAA,DEL → MAA,2026-04-20 13:05:41.701,2026-04-20 16:11:41.701,2026-04-20,186.0,186.0,186.0,0.0,False,False,False,False,False,False,False,False,False,False,False,False,False,True,False,Valid
Air India|AI178|CCU|BLR|2026-04-20 13:04:41.703,AI178,Air India,CCU,BLR,CCU → BLR,2026-04-20 13:04:41.703,2026-04-20 14:03:41.703,2026-04-20,59.0,59.0,59.0,0.0,False,False,False,False,False,False,False,False,False,False,False,False,False,True,False,Valid
SpiceJet|SJ089|HYD|CCU|2026-04-20 12:42:41.702,SJ089,SpiceJet,HYD,CCU,HYD → CCU,2026-04-20 12:42:41.702,2026-04-20 17:15:41.702,2026-04-20,273.0,273.0,273.0,0.0,False,False,False,False,False,False,False,False,False,False,False,False,False,True,False,Valid
Vistara|UK166|HYD|MAA|2026-04-20 12:39:41.703,UK166,Vistara,HYD,MAA,HYD → MAA,2026-04-20 12:39:41.703,2026-04-20 17:32:41.703,2026-04-20,293.0,293.0,293.0,0.0,False,False,False,False,False,False,False,False,False,False,False,False,False,True,False,Valid
Vistara|UK104|DEL|BOM|2026-04-20 12:30:41.702,UK104,Vistara,DEL,BOM,DEL → BOM,2026-04-20 12:30:41.702,2026-04-20 13:52:41.702,2026-04-20,82.0,82.0,82.0,0.0,False,False,False,False,False,False,False,False,False,False,False,False,False,True,False,Valid
IndiGo|6F168|HYD|DEL|2026-04-20 12:18:41.703,6F168,IndiGo,HYD,DEL,HYD → DEL,2026-04-20 12:18:41.703,2026-04-20 15:58:41.703,2026-04-20,220.0,220.0,220.0,0.0,False,False,False,False,False,False,False,False,False,False,False,False,False,True,False,Valid
Air India|AI222|BOM|DEL|2026-04-20 12:10:41.703,AI222,Air India,BOM,DEL,BOM → DEL,2026-04-20 12:10:41.703,2026-04-20 13:14:41.703,2026-04-20,64.0,64.0,64.0,0.0,False,False,False,False,False,False,False,False,False,False,False,False,False,True,False,Valid
SpiceJet|SJ025|BOM|CCU|2026-04-20 12:02:41.701,SJ025,SpiceJet,BOM,CCU,BOM → CCU,2026-04-20 12:02:41.701,2026-04-20 15:29:41.701,2026-04-20,207.0,207.0,207.0,0.0,False,False,False,False,False,False,False,False,False,False,False,False,False,True,False,Valid
IndiGo|6F255|DEL|BOM|2026-04-20 11:59:41.703,6F255,IndiGo,DEL,BOM,DEL → BOM,2026-04-20 11:59:41.703,2026-04-20 15:33:41.703,2026-04-20,214.0,214.0,214.0,0.0,False,False,False,False,False,False,False,False,False,False,False,False,False,True,False,Valid
Vistara|UK228|DEL|MAA|2026-04-20 11:58:41.704,UK228,Vistara,DEL,MAA,DEL → MAA,2026-04-20 11:58:41.704,2026-04-20 15:08:41.704,2026-04-20,190.0,190.0,190.0,0.0,False,False,False,False,False,False,False,False,False,False,False,False,False,True,False,Valid
IndiGo|6F158|CCU|MAA|2026-04-20 11:58:41.703,6F158,IndiGo,CCU,MAA,CCU → MAA,2026-04-20 11:58:41.703,2026-04-20 16:04:41.703,2026-04-20,246.0,246.0,246.0,0.0,False,False,False,False,False,False,False,False,False,False,False,False,False,True,False,Valid
SpiceJet|SJ218|DEL|HYD|2026-04-20 11:58:41.703,SJ218,SpiceJet,DEL,HYD,DEL → HYD,2026-04-20 11:58:41.703,2026-04-20 15:03:41.703,2026-04-20,185.0,185.0,185.0,0.0,False,False,False,False,False,False,False,False,False,False,False,False,False,True,False,Valid
IndiGo|6F034|BOM|DEL|2026-04-20 11:53:41.701,6F034,IndiGo,BOM,DEL,BOM → DEL,2026-04-20 11:53:41.701,2026-04-20 12:49:41.701,2026-04-20,56.0,56.0,56.0,0.0,False,False,False,False,False,False,False,False,False,False,False,False,False,True,False,Valid
Vistara|UK156|MAA|BLR|2026-04-20 11:50:41.703,UK156,Vistara,MAA,BLR,MAA → BLR,2026-04-20 11:50:41.703,2026-04-20 15:54:41.703,2026-04-20,244.0,244.0,244.0,0.0,False,False,False,False,False,False,False,False,False,False,False,False,False,True,False,Valid
IndiGo|6F105|BLR|BOM|2026-04-20 11:46:41.702,6F105,IndiGo,BLR,BOM,BLR → BOM,2026-04-20 11:46:41.702,2026-04-20 12:58:41.702,2026-04-20,72.0,72.0,72.0,0.0,False,False,False,False,False,False,False,False,False,False,False,False,False,True,False,Valid
IndiGo|6F073|DEL|CCU|2026-04-20 11:38:41.702,6F073,IndiGo,DEL,CCU,DEL → CCU,2026-04-20 11:38:41.702,2026-04-20 15:18:41.702,2026-04-20,220.0,220.0,220.0,0.0,False,False,False,False,False,False,False,False,False,False,False,False,False,True,False,Valid
SpiceJet|SJ074|DEL|CCU|2026-04-20 11:21:41.701,SJ074,SpiceJet,DEL,CCU,DEL → CCU,2026-04-20 11:21:41.701,2026-04-20 12:02:41.701,2026-04-20,41.0,41.0,41.0,0.0,False,False,False,False,False,False,False,False,False,False,False,False,False,True,False,Valid
IndiGo|6F234|BOM|DEL|2026-04-20 11:20:41.704,6F234,IndiGo,BOM,DEL,BOM → DEL,2026-04-20 11:20:41.704,2026-04-20 14:11:41.704,2026-04-20,171.0,171.0,171.0,0.0,False,False,False,False,False,False,False,False,False,False,False,False,False,True,False,Valid
IndiGo|6F068|BLR|HYD|2026-04-20 11:17:41.701,6F068,IndiGo,BLR,HYD,BLR → HYD,2026-04-20 11:17:41.701,2026-04-20 15:06:41.701,2026-04-20,229.0,229.0,229.0,0.0,False,False,False,False,False,False,False,False,False,False,False,False,False,True,False,Valid
IndiGo|6F074|HYD|BOM|2026-04-20 11:09:41.702,6F074,IndiGo,HYD,BOM,HYD → BOM,2026-04-20 11:09:41.702,2026-04-20 14:29:41.702,2026-04-20,200.0,200.0,200.0,0.0,False,False,False,False,False,False,False,False,False,False,False,False,False,True,False,Valid
Air India|AI038|HYD|MAA|2026-04-20 11:05:41.701,AI038,Air India,HYD,MAA,HYD → MAA,2026-04-20 11:05:41.701,2026-04-20 15:44:41.701,2026-04-20,279.0,279.0,279.0,0.0,False,False,False,False,False,False,False,False,False,False,False,False,False,True,False,Valid
Air India|AI079|CCU|BLR|2026-04-20 11:04:41.702,AI079,Air India,CCU,BLR,CCU → BLR,2026-04-20 11:04:41.702,2026-04-20 13:19:41.702,2026-04-20,135.0,135.0,135.0,0.0,False,False,False,False,False,False,False,False,False,False,False,False,False,True,False,Valid
SpiceJet|SJ018|BOM|CCU|2026-04-20 10:58:41.701,SJ018,SpiceJet,BOM,CCU,BOM → CCU,2026-04-20 10:58:41.701,2026-04-20 13:31:41.701,2026-04-20,153.0,153.0,153.0,0.0,False,False,False,False,False,False,False,False,False,False,False,False,False,True,False,Valid
IndiGo|6F018|DEL|BLR|2026-04-20 10:57:41.701,6F018,IndiGo,DEL,BLR,DEL → BLR,2026-04-20 10:57:41.701,2026-04-20 11:43:41.701,2026-04-20,46.0,46.0,46.0,0.0,False,False,False,False,False,False,False,False,False,False,False,False,False,True,False,Valid
Air India|AI091|CCU|MAA|2026-04-20 10:52:41.702,AI091,Air India,CCU,MAA,CCU → MAA,2026-04-20 10:52:41.702,2026-04-20 15:15:41.702,2026-04-20,263.0,263.0,263.0,0.0,False,False,False,False,False,False,False,False,False,False,False,False,False,True,False,Valid
Vistara|UK071|DEL|HYD|2026-04-20 10:50:41.701,UK071,Vistara,DEL,HYD,DEL → HYD,2026-04-20 10:50:41.701,2026-04-20 14:06:41.701,2026-04-20,196.0,196.0,196.0,0.0,False,False,False,False,False,False,False,False,False,False,False,False,False,True,False,Valid
Air India|AI019|BOM|CCU|2026-04-20 10:49:41.701,AI019,Air India,BOM,CCU,BOM → CCU,2026-04-20 10:49:41.701,2026-04-20 11:51:41.701,2026-04-20,62.0,62.0,62.0,0.0,False,False,False,False,False,False,False,False,False,False,False,False,False,True,False,Valid
Vistara|UK212|HYD|MAA|2026-04-20 10:46:41.704,UK212,Vistara,HYD,MAA,HYD → MAA,2026-04-20 10:46:41.704,2026-04-20 11:31:41.704,2026-04-20,45.0,45.0,45.0,0.0,False,False,False,False,False,False,False,False,False,False,False,False,False,True,False,Valid
Air India|AI146|BLR|DEL|2026-04-20 10:40:41.702,AI146,Air India,BLR,DEL,BLR → DEL,2026-04-20 10:40:41.702,2026-04-20 13:46:41.702,2026-04-20,186.0,186.0,186.0,0.0,False,False,False,False,False,False,False,False,False,False,False,False,False,True,False,Valid
IndiGo|6F232|MAA|BLR|2026-04-20 10:39:41.704,6F232,IndiGo,MAA,BLR,MAA → BLR,2026-04-20 10:39:41.704,2026-04-20 12:22:41.704,2026-04-20,103.0,103.0,103.0,0.0,False,False,False,False,False,False,False,False,False,False,False,False,False,True,False,Valid
IndiGo|6F084|CCU|HYD|2026-04-20 10:34:41.702,6F084,IndiGo,CCU,HYD,CCU → HYD,2026-04-20 10:34:41.702,2026-04-20 11:34:42.000,2026-04-20,60.00496666666666,60.00496666666666,60.00496666666666,0.0,False,False,False,False,False,False,False,False,False,False,False,False,False,True,False,Valid
Air India|AI129|BOM|CCU|2026-04-20 10:29:41.702,AI129,Air India,BOM,CCU,BOM → CCU,2026-04-20 10:29:41.702,2026-04-20 13:38:41.702,2026-04-20,189.0,189.0,189.0,0.0,False,False,False,False,False,False,False,False,False,False,False,False,False,True,False,Valid
Air India|AI240|MAA|DEL|2026-04-20 10:19:41.704,AI240,Air India,MAA,DEL,MAA → DEL,2026-04-20 10:19:41.704,2026-04-20 12:46:41.704,2026-04-20,147.0,147.0,147.0,0.0,False,False,False,False,False,False,False,False,False,False,False,False,False,True,False,Valid
IndiGo|6F091|BLR|CCU|2026-04-20 10:10:41.702,6F091,IndiGo,BLR,CCU,BLR → CCU,2026-04-20 10:10:41.702,2026-04-20 11:36:41.702,2026-04-20,86.0,86.0,86.0,0.0,False,False,False,False,False,False,False,False,False,False,False,False,False,True,False,Valid
Vistara|UK133|BOM|DEL|2026-04-20 10:04:41.702,UK133,Vistara,BOM,DEL,BOM → DEL,2026-04-20 10:04:41.702,2026-04-20 13:16:41.702,2026-04-20,192.0,192.0,192.0,0.0,False,False,False,False,False,False,False,False,False,False,False,False,False,True,False,Valid
SpiceJet|SJ007|BOM|CCU|2026-04-20 10:03:41.701,SJ007,SpiceJet,BOM,CCU,BOM → CCU,2026-04-20 10:03:41.701,2026-04-20 14:53:41.701,2026-04-20,290.0,290.0,290.0,0.0,False,False,False,False,False,False,False,False,False,False,False,False,False,True,False,Valid
SpiceJet|SJ141|CCU|DEL|2026-04-20 10:00:41.702,SJ141,SpiceJet,CCU,DEL,CCU → DEL,2026-04-20 10:00:41.702,2026-04-20 13:37:41.702,2026-04-20,217.0,217.0,217.0,0.0,False,False,False,False,False,False,False,False,False,False,False,False,False,True,False,Valid
IndiGo|6F049|HYD|DEL|2026-04-20 10:00:41.701,6F049,IndiGo,HYD,DEL,HYD → DEL,2026-04-20 10:00:41.701,2026-04-20 13:13:41.701,2026-04-20,193.0,193.0,193.0,0.0,False,False,False,False,False,False,False,False,False,False,False,False,False,True,False,Valid
SpiceJet|SJ235|BOM|DEL|2026-04-20 09:57:41.704,SJ235,SpiceJet,BOM,DEL,BOM → DEL,2026-04-20 09:57:41.704,2026-04-20 13:45:41.704,2026-04-20,228.0,228.0,228.0,0.0,False,False,False,False,False,False,False,False,False,False,False,False,False,True,False,Valid
Vistara|UK087|HYD|MAA|2026-04-20 09:49:41.702,UK087,Vistara,HYD,MAA,HYD → MAA,2026-04-20 09:49:41.702,2026-04-20 13:17:41.702,2026-04-20,208.0,208.0,208.0,0.0,False,False,False,False,False,False,False,False,False,False,False,False,False,True,False,Valid
Vistara|UK170|BOM|BLR|2026-04-20 09:42:41.703,UK170,Vistara,BOM,BLR,BOM → BLR,2026-04-20 09:42:41.703,2026-04-20 11:32:41.703,2026-04-20,110.0,110.0,110.0,0.0,False,False,False,False,False,False,False,False,False,False,False,False,False,True,False,Valid
SpiceJet|SJ078|DEL|HYD|2026-04-20 09:41:41.701,SJ078,SpiceJet,DEL,HYD,DEL → HYD,2026-04-20 09:41:41.701,2026-04-20 12:49:41.701,2026-04-20,188.0,188.0,188.0,0.0,False,False,False,False,False,False,False,False,False,False,False,False,False,True,False,Valid
SpiceJet|SJ075|MAA|BLR|2026-04-20 09:26:41.701,SJ075,SpiceJet,MAA,BLR,MAA → BLR,2026-04-20 09:26:41.701,2026-04-20 11:03:41.701,2026-04-20,97.0,97.0,97.0,0.0,False,False,False,False,False,False,False,False,False,False,False,False,False,True,False,Valid
Air India|AI159|HYD|BLR|2026-04-20 09:23:41.703,AI159,Air India,HYD,BLR,HYD → BLR,2026-04-20 09:23:41.703,2026-04-20 11:36:41.703,2026-04-20,133.0,133.0,133.0,0.0,False,False,False,False,False,False,False,False,False,False,False,False,False,True,False,Valid
Vistara|UK120|HYD|DEL|2026-04-20 09:19:41.702,UK120,Vistara,HYD,DEL,HYD → DEL,2026-04-20 09:19:41.702,2026-04-20 13:30:41.702,2026-04-20,251.0,251.0,251.0,0.0,False,False,False,False,False,False,False,False,False,False,False,False,False,True,False,Valid
Air India|AI059|CCU|DEL|2026-04-20 09:16:41.701,AI059,Air India,CCU,DEL,CCU → DEL,2026-04-20 09:16:41.701,2026-04-20 11:43:41.701,2026-04-20,147.0,147.0,147.0,0.0,False,False,False,False,False,False,False,False,False,False,False,False,False,True,False,Valid
Vistara|UK040|HYD|CCU|2026-04-20 09:15:41.701,UK040,Vistara,HYD,CCU,HYD → CCU,2026-04-20 09:15:41.701,2026-04-20 10:32:41.701,2026-04-20,77.0,77.0,77.0,0.0,False,False,False,False,False,False,False,False,False,False,False,False,False,True,False,Valid
Air India|AI044|MAA|BLR|2026-04-20 09:03:41.701,AI044,Air India,MAA,BLR,MAA → BLR,2026-04-20 09:03:41.701,2026-04-20 12:36:41.701,2026-04-20,213.0,213.0,213.0,0.0,False,False,False,False,False,False,False,False,False,False,False,False,False,True,False,Valid
Air India|AI078|DEL|BOM|2026-04-20 08:58:41.702,AI078,Air India,DEL,BOM,DEL → BOM,2026-04-20 08:58:41.702,2026-04-20 13:28:41.702,2026-04-20,270.0,270.0,270.0,0.0,False,False,False,False,False,False,False,False,False,False,False,False,False,True,False,Valid
SpiceJet|SJ226|HYD|BOM|2026-04-20 08:47:41.704,SJ226,SpiceJet,HYD,BOM,HYD → BOM,2026-04-20 08:47:41.704,2026-04-20 12:54:41.704,2026-04-20,247.0,247.0,247.0,0.0,False,False,False,False,False,False,False,False,False,False,False,False,False,True,False,Valid
IndiGo|6F209|MAA|CCU|2026-04-20 08:40:41.703,6F209,IndiGo,MAA,CCU,MAA → CCU,2026-04-20 08:40:41.703,2026-04-20 13:40:41.703,2026-04-20,300.0,300.0,300.0,0.0,False,False,False,False,False,False,False,False,False,False,False,False,False,True,False,Valid
Vistara|UK193|HYD|DEL|2026-04-20 08:39:41.703,UK193,Vistara,HYD,DEL,HYD → DEL,2026-04-20 08:39:41.703,2026-04-20 09:14:41.703,2026-04-20,35.0,35.0,35.0,0.0,False,False,False,False,False,False,False,False,False,False,False,False,False,True,False,Valid
IndiGo|6F092|MAA|BLR|2026-04-20 08:39:41.702,6F092,IndiGo,MAA,BLR,MAA → BLR,2026-04-20 08:39:41.702,2026-04-20 09:15:41.702,2026-04-20,36.0,36.0,36.0,0.0,False,False,False,False,False,False,False,False,False,False,False,False,False,True,False,Valid
Air India|AI208|BLR|BOM|2026-04-20 08:38:41.703,AI208,Air India,BLR,BOM,BLR → BOM,2026-04-20 08:38:41.703,2026-04-20 11:52:41.703,2026-04-20,194.0,194.0,194.0,0.0,False,False,False,False,False,False,False,False,False,False,False,False,False,True,False,Valid
SpiceJet|SJ227|BOM|CCU|2026-04-20 08:32:41.704,SJ227,SpiceJet,BOM,CCU,BOM → CCU,2026-04-20 08:32:41.704,2026-04-20 12:53:41.704,2026-04-20,261.0,261.0,261.0,0.0,False,False,False,False,False,False,False,False,False,False,False,False,False,True,False,Valid
IndiGo|6F238|BOM|DEL|2026-04-20 08:31:41.704,6F238,IndiGo,BOM,DEL,BOM → DEL,2026-04-20 08:31:41.704,2026-04-20 09:19:41.704,2026-04-20,48.0,48.0,48.0,0.0,False,False,False,False,False,False,False,False,False,False,False,False,False,True,False,Valid
Air India|AI084|BOM|HYD|2026-04-20 08:31:41.702,AI084,Air India,BOM,HYD,BOM → HYD,2026-04-20 08:31:41.702,2026-04-20 09:46:41.702,2026-04-20,75.0,75.0,75.0,0.0,False,False,False,False,False,False,False,False,False,False,False,False,False,True,False,Valid
SpiceJet|SJ228|BOM|CCU|2026-04-20 08:29:41.704,SJ228,SpiceJet,BOM,CCU,BOM → CCU,2026-04-20 08:29:41.704,2026-04-20 12:16:41.704,2026-04-20,227.0,227.0,227.0,0.0,False,False,False,False,False,False,False,False,False,False,False,False,False,True,False,Valid
Vistara|UK194|CCU|BOM|2026-04-20 08:26:41.703,UK194,Vistara,CCU,BOM,CCU → BOM,2026-04-20 08:26:41.703,2026-04-20 09:26:42.000,2026-04-20,60.00495,60.00495,60.00495,0.0,False,False,False,False,False,False,False,False,False,False,False,False,False,True,False,Valid
IndiGo|6F126|CCU|MAA|2026-04-20 08:21:41.702,6F126,IndiGo,CCU,MAA,CCU → MAA,2026-04-20 08:21:41.702,2026-04-20 09:39:41.702,2026-04-20,78.0,78.0,78.0,0.0,False,False,False,False,False,False,False,False,False,False,False,False,False,True,False,Valid
SpiceJet|SJ052|MAA|BLR|2026-04-20 08:20:41.701,SJ052,SpiceJet,MAA,BLR,MAA → BLR,2026-04-20 08:20:41.701,2026-04-20 09:57:41.701,2026-04-20,97.0,97.0,97.0,0.0,False,False,False,False,False,False,False,False,False,False,False,False,False,True,False,Valid
Air India|AI233|BLR|BOM|2026-04-20 08:04:41.704,AI233,Air India,BLR,BOM,BLR → BOM,2026-04-20 08:04:41.704,2026-04-20 09:52:41.704,2026-04-20,108.0,108.0,108.0,0.0,False,False,False,False,False,False,False,False,False,False,False,False,False,True,False,Valid
Air India|AI213|HYD|CCU|2026-04-20 08:03:41.703,AI213,Air India,HYD,CCU,HYD → CCU,2026-04-20 08:03:41.703,2026-04-20 09:14:41.703,2026-04-20,71.0,71.0,71.0,0.0,False,False,False,False,False,False,False,False,False,False,False,False,False,True,False,Valid
Vistara|UK076|MAA|CCU|2026-04-20 08:03:41.702,UK076,Vistara,MAA,CCU,MAA → CCU,2026-04-20 08:03:41.702,2026-04-20 12:26:41.702,2026-04-20,263.0,263.0,263.0,0.0,False,False,False,False,False,False,False,False,False,False,False,False,False,True,False,Valid
SpiceJet|SJ022|DEL|BLR|2026-04-20 07:56:41.701,SJ022,SpiceJet,DEL,BLR,DEL → BLR,2026-04-20 07:56:41.701,2026-04-20 11:07:41.701,2026-04-20,191.0,191.0,191.0,0.0,False,False,False,False,False,False,False,False,False,False,False,False,False,True,False,Valid
SpiceJet|SJ002|DEL|BOM|2026-04-20 07:54:41.701,SJ002,SpiceJet,DEL,BOM,DEL → BOM,2026-04-20 07:54:41.701,2026-04-20 12:40:41.701,2026-04-20,286.0,286.0,286.0,0.0,False,False,False,False,False,False,False,False,False,False,False,False,False,True,False,Valid
Air India|AI163|HYD|MAA|2026-04-20 07:45:41.703,AI163,Air India,HYD,MAA,HYD → MAA,2026-04-20 07:45:41.703,2026-04-20 08:46:41.703,2026-04-20,61.0,61.0,61.0,0.0,False,False,False,False,False,False,False,False,False,False,False,False,False,True,False,Valid
Vistara|UK229|HYD|DEL|2026-04-20 07:40:41.704,UK229,Vistara,HYD,DEL,HYD → DEL,2026-04-20 07:40:41.704,2026-04-20 11:57:41.704,2026-04-20,257.0,257.0,257.0,0.0,False,False,False,False,False,False,False,False,False,False,False,False,False,True,False,Valid
Vistara|UK185|DEL|MAA|2026-04-20 07:31:41.703,UK185,Vistara,DEL,MAA,DEL → MAA,2026-04-20 07:31:41.703,2026-04-20 08:48:41.703,2026-04-20,77.0,77.0,77.0,0.0,False,False,False,False,False,False,False,False,False,False,False,False,False,True,False,Valid
IndiGo|6F029|BOM|BLR|2026-04-20 07:31:41.701,6F029,IndiGo,BOM,BLR,BOM → BLR,2026-04-20 07:31:41.701,2026-04-20 11:45:41.701,2026-04-20,254.0,254.0,254.0,0.0,False,False,False,False,False,False,False,False,False,False,False,False,False,True,False,Valid
IndiGo|6F056|BOM|MAA|2026-04-20 07:00:41.701,6F056,IndiGo,BOM,MAA,BOM → MAA,2026-04-20 07:00:41.701,2026-04-20 08:49:41.701,2026-04-20,109.0,109.0,109.0,0.0,False,False,False,False,False,False,False,False,False,False,False,False,False,True,False,Valid
Air India|AI062|MAA|DEL|2026-04-20 06:49:41.701,AI062,Air India,MAA,DEL,MAA → DEL,2026-04-20 06:49:41.701,2026-04-20 07:25:41.701,2026-04-20,36.0,36.0,36.0,0.0,False,False,False,False,False,False,False,False,False,False,False,False,False,True,False,Valid
Vistara|UK034|DEL|BLR|2026-04-20 06:47:41.701,UK034,Vistara,DEL,BLR,DEL → BLR,2026-04-20 06:47:41.701,2026-04-20 10:11:41.701,2026-04-20,204.0,204.0,204.0,0.0,False,False,False,False,False,False,False,False,False,False,False,False,False,True,False,Valid
Vistara|UK079|DEL|BLR|2026-04-20 06:43:41.702,UK079,Vistara,DEL,BLR,DEL → BLR,2026-04-20 06:43:41.702,2026-04-20 10:34:41.702,2026-04-20,231.0,231.0,231.0,0.0,False,False,False,False,False,False,False,False,False,False,False,False,False,True,False,Valid
Air India|AI135|BLR|BOM|2026-04-20 06:40:41.702,AI135,Air India,BLR,BOM,BLR → BOM,2026-04-20 06:40:41.702,2026-04-20 09:21:41.702,2026-04-20,161.0,161.0,161.0,0.0,False,False,False,False,False,False,False,False,False,False,False,False,False,True,False,Valid
SpiceJet|SJ061|MAA|BLR|2026-04-20 06:38:41.701,SJ061,SpiceJet,MAA,BLR,MAA → BLR,2026-04-20 06:38:41.701,2026-04-20 09:35:41.701,2026-04-20,177.0,177.0,177.0,0.0,False,False,False,False,False,False,False,False,False,False,False,False,False,True,False,Valid
Air India|AI047|CCU|MAA|2026-04-20 06:36:41.701,AI047,Air India,CCU,MAA,CCU → MAA,2026-04-20 06:36:41.701,2026-04-20 07:23:41.701,2026-04-20,47.0,47.0,47.0,0.0,False,False,False,False,False,False,False,False,False,False,False,False,False,True,False,Valid
Vistara|UK210|DEL|CCU|2026-04-20 06:35:41.704,UK210,Vistara,DEL,CCU,DEL → CCU,2026-04-20 06:35:41.704,2026-04-20 07:30:41.704,2026-04-20,55.0,55.0,55.0,0.0,False,False,False,False,False,False,False,False,False,False,False,False,False,True,False,Valid
Air India|AI088|MAA|DEL|2026-04-20 06:34:41.702,AI088,Air India,MAA,DEL,MAA → DEL,2026-04-20 06:34:41.702,2026-04-20 10:10:41.702,2026-04-20,216.0,216.0,216.0,0.0,False,False,False,False,False,False,False,False,False,False,False,False,False,True,False,Valid
Vistara|UK177|DEL|HYD|2026-04-20 06:21:41.703,UK177,Vistara,DEL,HYD,DEL → HYD,2026-04-20 06:21:41.703,2026-04-20 10:50:41.703,2026-04-20,269.0,269.0,269.0,0.0,False,False,False,False,False,False,False,False,False,False,False,False,False,True,False,Valid
Air India|AI128|BOM|CCU|2026-04-20 06:07:41.702,AI128,Air India,BOM,CCU,BOM → CCU,2026-04-20 06:07:41.702,2026-04-20 10:03:41.702,2026-04-20,236.0,236.0,236.0,0.0,False,False,False,False,False,False,False,False,False,False,False,False,False,True,False,Valid
Air India|AI158|CCU|DEL|2026-04-20 06:04:41.703,AI158,Air India,CCU,DEL,CCU → DEL,2026-04-20 06:04:41.703,2026-04-20 09:01:41.703,2026-04-20,177.0,177.0,177.0,0.0,False,False,False,False,False,False,False,False,False,False,False,False,False,True,False,Valid
Vistara|UK206|MAA|BLR|2026-04-20 06:01:41.703,UK206,Vistara,MAA,BLR,MAA → BLR,2026-04-20 06:01:41.703,2026-04-20 10:34:41.703,2026-04-20,273.0,273.0,273.0,0.0,False,False,False,False,False,False,False,False,False,False,False,False,False,True,False,Valid
SpiceJet|SJ138|BLR|BOM|2026-04-20 05:55:41.702,SJ138,SpiceJet,BLR,BOM,BLR → BOM,2026-04-20 05:55:41.702,2026-04-20 06:43:41.702,2026-04-20,48.0,48.0,48.0,0.0,False,False,False,False,False,False,False,False,False,False,False,False,False,True,False,Valid
Air India|AI034|DEL|BOM|2026-04-20 05:48:41.701,AI034,Air India,DEL,BOM,DEL → BOM,2026-04-20 05:48:41.701,2026-04-20 10:31:41.701,2026-04-20,283.0,283.0,283.0,0.0,False,False,False,False,False,False,False,False,False,False,False,False,False,True,False,Valid
Air India|AI012|BOM|CCU|2026-04-20 05:44:41.701,AI012,Air India,BOM,CCU,BOM → CCU,2026-04-20 05:44:41.701,2026-04-20 09:47:41.701,2026-04-20,243.0,243.0,243.0,0.0,False,False,False,False,False,False,False,False,False,False,False,False,False,True,False,Valid
IndiGo|6F083|BLR|DEL|2026-04-20 05:24:41.702,6F083,IndiGo,BLR,DEL,BLR → DEL,2026-04-20 05:24:41.702,2026-04-20 06:03:41.702,2026-04-20,39.0,39.0,39.0,0.0,False,False,False,False,False,False,False,False,False,False,False,False,False,True,False,Valid
SpiceJet|SJ083|MAA|BLR|2026-04-20 05:13:41.702,SJ083,SpiceJet,MAA,BLR,MAA → BLR,2026-04-20 05:13:41.702,2026-04-20 08:17:41.702,2026-04-20,184.0,184.0,184.0,0.0,False,False,False,False,False,False,False,False,False,False,False,False,False,True,False,Valid
SpiceJet|SJ186|CCU|DEL|2026-04-20 05:11:41.703,SJ186,SpiceJet,CCU,DEL,CCU → DEL,2026-04-20 05:11:41.703,2026-04-20 07:22:41.703,2026-04-20,131.0,131.0,131.0,0.0,False,False,False,False,False,False,False,False,False,False,False,False,False,True,False,Valid
Vistara|UK001|CCU|DEL|2026-04-20 05:06:41.700,UK001,Vistara,CCU,DEL,CCU → DEL,2026-04-20 05:06:41.700,2026-04-20 06:31:41.700,2026-04-20,85.0,85.0,85.0,0.0,False,False,False,False,False,False,False,False,False,False,False,False,False,True,False,Valid
Air India|AI217|CCU|BLR|2026-04-20 04:57:41.703,AI217,Air India,CCU,BLR,CCU → BLR,2026-04-20 04:57:41.703,2026-04-20 07:14:41.703,2026-04-20,137.0,137.0,137.0,0.0,False,False,False,False,False,False,False,False,False,False,False,False,False,True,False,Valid
IndiGo|6F178|BOM|CCU|2026-04-20 04:48:41.703,6F178,IndiGo,BOM,CCU,BOM → CCU,2026-04-20 04:48:41.703,2026-04-20 09:11:41.703,2026-04-20,263.0,263.0,263.0,0.0,False,False,False,False,False,False,False,False,False,False,False,False,False,True,False,Valid
Vistara|UK015|BLR|BOM|2026-04-20 04:46:41.701,UK015,Vistara,BLR,BOM,BLR → BOM,2026-04-20 04:46:41.701,2026-04-20 06:33:41.701,2026-04-20,107.0,107.0,107.0,0.0,False,False,False,False,False,False,False,False,False,False,False,False,False,True,False,Valid
Air India|AI112|DEL|BLR|2026-04-20 04:41:41.702,AI112,Air India,DEL,BLR,DEL → BLR,2026-04-20 04:41:41.702,2026-04-20 08:24:41.702,2026-04-20,223.0,223.0,223.0,0.0,False,False,False,False,False,False,False,False,False,False,False,False,False,True,False,Valid
Vistara|UK100|CCU|BLR|2026-04-20 04:40:41.702,UK100,Vistara,CCU,BLR,CCU → BLR,2026-04-20 04:40:41.702,2026-04-20 07:12:41.702,2026-04-20,152.0,152.0,152.0,0.0,False,False,False,False,False,False,False,False,False,False,False,False,False,True,False,Valid
IndiGo|6F133|MAA|BLR|2026-04-20 04:38:41.702,6F133,IndiGo,MAA,BLR,MAA → BLR,2026-04-20 04:38:41.702,2026-04-20 06:25:41.702,2026-04-20,107.0,107.0,107.0,0.0,False,False,False,False,False,False,False,False,False,False,False,False,False,True,False,Valid
Air India|AI227|BLR|MAA|2026-04-20 04:31:41.703,AI227,Air India,BLR,MAA,BLR → MAA,2026-04-20 04:31:41.703,2026-04-20 08:17:41.703,2026-04-20,226.0,226.0,226.0,0.0,False,False,False,False,False,False,False,False,False,False,False,False,False,True,False,Valid
Vistara|UK093|HYD|CCU|2026-04-20 04:31:41.702,UK093,Vistara,HYD,CCU,HYD → CCU,2026-04-20 04:31:41.702,2026-04-20 05:21:41.702,2026-04-20,50.0,50.0,50.0,0.0,False,False,False,False,False,False,False,False,False,False,False,False,False,True,False,Valid
Vistara|UK203|BLR|HYD|2026-04-20 04:12:41.703,UK203,Vistara,BLR,HYD,BLR → HYD,2026-04-20 04:12:41.703,2026-04-20 05:24:41.703,2026-04-20,72.0,72.0,72.0,0.0,False,False,False,False,False,False,False,False,False,False,False,False,False,True,False,Valid
Vistara|UK154|MAA|HYD|2026-04-20 04:00:41.703,UK154,Vistara,MAA,HYD,MAA → HYD,2026-04-20 04:00:41.703,2026-04-20 07:57:41.703,2026-04-20,237.0,237.0,237.0,0.0,False,False,False,False,False,False,False,False,False,False,False,False,False,True,False,Valid
Vistara|UK073|BLR|CCU|2026-04-20 03:59:41.702,UK073,Vistara,BLR,CCU,BLR → CCU,2026-04-20 03:59:41.702,2026-04-20 08:09:41.702,2026-04-20,250.0,250.0,250.0,0.0,False,False,False,False,False,False,False,False,False,False,False,False,False,True,False,Valid
Air India|AI164|DEL|BLR|2026-04-20 03:57:41.703,AI164,Air India,DEL,BLR,DEL → BLR,2026-04-20 03:57:41.703,2026-04-20 05:45:41.703,2026-04-20,108.0,108.0,108.0,0.0,False,False,False,False,False,False,False,False,False,False,False,False,False,True,False,Valid
Vistara|UK008|CCU|BLR|2026-04-20 03:57:41.701,UK008,Vistara,CCU,BLR,CCU → BLR,2026-04-20 03:57:41.701,2026-04-20 04:34:41.701,2026-04-20,37.0,37.0,37.0,0.0,False,False,False,False,False,False,False,False,False,False,False,False,False,True,False,Valid
Vistara|UK051|HYD|DEL|2026-04-20 03:55:41.701,UK051,Vistara,HYD,DEL,HYD → DEL,2026-04-20 03:55:41.701,2026-04-20 06:55:41.701,2026-04-20,180.0,180.0,180.0,0.0,False,False,False,False,False,False,False,False,False,False,False,False,False,True,False,Valid
Vistara|UK208|DEL|CCU|2026-04-20 03:54:41.704,UK208,Vistara,DEL,CCU,DEL → CCU,2026-04-20 03:54:41.704,2026-04-20 08:51:41.704,2026-04-20,297.0,297.0,297.0,0.0,False,False,False,False,False,False,False,False,False,False,False,False,False,True,False,Valid
Air India|AI150|BOM|DEL|2026-04-20 03:51:41.703,AI150,Air India,BOM,DEL,BOM → DEL,2026-04-20 03:51:41.703,2026-04-20 04:38:41.703,2026-04-20,47.0,47.0,47.0,0.0,False,False,False,False,False,False,False,False,False,False,False,False,False,True,False,Valid
Air India|AI189|CCU|DEL|2026-04-20 03:44:41.703,AI189,Air India,CCU,DEL,CCU → DEL,2026-04-20 03:44:41.703,2026-04-20 05:32:41.703,2026-04-20,108.0,108.0,108.0,0.0,False,False,False,False,False,False,False,False,False,False,False,False,False,True,False,Valid
IndiGo|6F230|CCU|BLR|2026-04-20 03:34:41.704,6F230,IndiGo,CCU,BLR,CCU → BLR,2026-04-20 03:34:41.704,2026-04-20 06:47:41.704,2026-04-20,193.0,193.0,193.0,0.0,False,False,False,False,False,False,False,False,False,False,False,False,False,True,False,Valid
IndiGo|6F169|BOM|DEL|2026-04-20 03:27:41.703,6F169,IndiGo,BOM,DEL,BOM → DEL,2026-04-20 03:27:41.703,2026-04-20 08:06:41.703,2026-04-20,279.0,279.0,279.0,0.0,False,False,False,False,False,False,False,False,False,False,False,False,False,True,False,Valid
Air India|AI205|BLR|BOM|2026-04-20 03:26:41.703,AI205,Air India,BLR,BOM,BLR → BOM,2026-04-20 03:26:41.703,2026-04-20 05:14:41.703,2026-04-20,108.0,108.0,108.0,0.0,False,False,False,False,False,False,False,False,False,False,False,False,False,True,False,Valid
Air India|AI103|BLR|BOM|2026-04-20 03:26:41.702,AI103,Air India,BLR,BOM,BLR → BOM,2026-04-20 03:26:41.702,2026-04-20 04:04:41.702,2026-04-20,38.0,38.0,38.0,0.0,False,False,False,False,False,False,False,False,False,False,False,False,False,True,False,Valid
IndiGo|6F250|DEL|BLR|2026-04-20 03:26:41.701,6F250,IndiGo,DEL,BLR,DEL → BLR,2026-04-20 03:26:41.701,2026-04-20 07:30:41.701,2026-04-20,244.0,244.0,244.0,0.0,False,True,False,False,False,False,False,False,False,False,False,False,True,True,True,"Duplicate Flight ID, Referential Integrity Failure"
Air India|AI246|BOM|BLR|2026-04-20 03:22:41.704,AI246,Air India,BOM,BLR,BOM → BLR,2026-04-20 03:22:41.704,2026-04-20 06:41:41.704,2026-04-20,199.0,199.0,199.0,0.0,False,False,False,False,False,False,False,False,False,False,False,False,False,True,False,Valid
IndiGo|6F187|BOM|MAA|2026-04-20 03:19:41.703,6F187,IndiGo,BOM,MAA,BOM → MAA,2026-04-20 03:19:41.703,2026-04-20 07:37:41.703,2026-04-20,258.0,258.0,258.0,0.0,False,False,False,False,False,False,False,False,False,False,False,False,False,True,False,Valid
Air India|AI082|DEL|CCU|2026-04-20 03:19:41.702,AI082,Air India,DEL,CCU,DEL → CCU,2026-04-20 03:19:41.702,2026-04-20 06:01:41.702,2026-04-20,162.0,162.0,162.0,0.0,False,False,False,False,False,False,False,False,False,False,False,False,False,True,False,Valid
Vistara|UK116|CCU|BOM|2026-04-20 03:18:41.702,UK116,Vistara,CCU,BOM,CCU → BOM,2026-04-20 03:18:41.702,2026-04-20 07:06:41.702,2026-04-20,228.0,228.0,228.0,0.0,False,False,False,False,False,False,False,False,False,False,False,False,False,True,False,Valid
SpiceJet|SJ169|BOM|MAA|2026-04-20 03:10:41.703,SJ169,SpiceJet,BOM,MAA,BOM → MAA,2026-04-20 03:10:41.703,2026-04-20 07:56:41.703,2026-04-20,286.0,286.0,286.0,0.0,False,False,False,False,False,False,False,False,False,False,False,False,False,True,False,Valid
Air India|AI175|BOM|HYD|2026-04-20 03:08:41.703,AI175,Air India,BOM,HYD,BOM → HYD,2026-04-20 03:08:41.703,2026-04-20 06:55:41.703,2026-04-20,227.0,227.0,227.0,0.0,False,False,False,False,False,False,False,False,False,False,False,False,False,True,False,Valid
SpiceJet|SJ098|HYD|MAA|2026-04-20 03:02:41.702,SJ098,SpiceJet,HYD,MAA,HYD → MAA,2026-04-20 03:02:41.702,2026-04-20 03:37:41.702,2026-04-20,35.0,35.0,35.0,0.0,False,False,False,False,False,False,False,False,False,False,False,False,False,True,False,Valid
SpiceJet|SJ191|BLR|BOM|2026-04-20 03:01:41.703,SJ191,SpiceJet,BLR,BOM,BLR → BOM,2026-04-20 03:01:41.703,2026-04-20 04:23:41.703,2026-04-20,82.0,82.0,82.0,0.0,False,False,False,False,False,False,False,False,False,False,False,False,False,True,False,Valid
SpiceJet|SJ017|DEL|MAA|2026-04-20 02:57:41.701,SJ017,SpiceJet,DEL,MAA,DEL → MAA,2026-04-20 02:57:41.701,2026-04-20 05:00:41.701,2026-04-20,123.0,123.0,123.0,0.0,False,False,False,False,False,False,False,False,False,False,False,False,False,True,False,Valid
Vistara|UK188|MAA|BLR|2026-04-20 02:55:41.703,UK188,Vistara,MAA,BLR,MAA → BLR,2026-04-20 02:55:41.703,2026-04-20 03:44:41.703,2026-04-20,49.0,49.0,49.0,0.0,False,False,False,False,False,False,False,False,False,False,False,False,False,True,False,Valid
Air India|AI196|MAA|HYD|2026-04-20 02:52:41.703,AI196,Air India,MAA,HYD,MAA → HYD,2026-04-20 02:52:41.703,2026-04-20 04:25:41.703,2026-04-20,93.0,93.0,93.0,0.0,False,False,False,False,False,False,False,False,False,False,False,False,False,True,False,Valid
Air India|AI068|BOM|BLR|2026-04-20 02:48:41.702,AI068,Air India,BOM,BLR,BOM → BLR,2026-04-20 02:48:41.702,2026-04-20 04:48:42.000,2026-04-20,120.00496666666666,120.00496666666666,120.00496666666666,0.0,False,False,False,False,False,False,False,False,False,False,False,False,False,True,False,Valid
SpiceJet|SJ097|BOM|CCU|2026-04-20 02:37:41.702,SJ097,SpiceJet,BOM,CCU,BOM → CCU,2026-04-20 02:37:41.702,2026-04-20 05:27:41.702,2026-04-20,170.0,170.0,170.0,0.0,False,False,False,False,False,False,False,False,False,False,False,False,False,True,False,Valid
SpiceJet|SJ030|DEL|HYD|2026-04-20 02:36:41.701,SJ030,SpiceJet,DEL,HYD,DEL → HYD,2026-04-20 02:36:41.701,2026-04-20 03:19:41.701,2026-04-20,43.0,43.0,43.0,0.0,False,False,False,False,False,False,False,False,False,False,False,False,False,True,False,Valid
IndiGo|6F179|HYD|MAA|2026-04-20 02:25:41.703,6F179,IndiGo,HYD,MAA,HYD → MAA,2026-04-20 02:25:41.703,2026-04-20 06:40:41.703,2026-04-20,255.0,255.0,255.0,0.0,False,False,False,False,False,False,False,False,False,False,False,False,False,True,False,Valid
IndiGo|6F156|MAA|BOM|2026-04-20 02:23:41.703,6F156,IndiGo,MAA,BOM,MAA → BOM,2026-04-20 02:23:41.703,2026-04-20 04:57:41.703,2026-04-20,154.0,154.0,154.0,0.0,False,False,False,False,False,False,False,False,False,False,False,False,False,True,False,Valid
IndiGo|6F250|CCU|BLR|2026-04-20 02:23:41.702,6F250,IndiGo,CCU,BLR,CCU → BLR,2026-04-20 02:23:41.702,2026-04-20 02:56:41.702,2026-04-20,33.0,33.0,33.0,0.0,False,True,False,False,False,False,False,False,False,False,False,False,True,True,True,"Duplicate Flight ID, Referential Integrity Failure"
SpiceJet|SJ057|BOM|CCU|2026-04-20 02:17:41.701,SJ057,SpiceJet,BOM,CCU,BOM → CCU,2026-04-20 02:17:41.701,2026-04-20 05:29:41.701,2026-04-20,192.0,192.0,192.0,0.0,False,False,False,False,False,False,False,False,False,False,False,False,False,True,False,Valid
IndiGo|6F036|CCU|BLR|2026-04-20 02:14:41.701,6F036,IndiGo,CCU,BLR,CCU → BLR,2026-04-20 02:14:41.701,2026-04-20 06:57:41.701,2026-04-20,283.0,283.0,283.0,0.0,False,False,False,False,False,False,False,False,False,False,False,False,False,True,False,Valid
IndiGo|6F201|CCU|BOM|2026-04-20 02:09:41.703,6F201,IndiGo,CCU,BOM,CCU → BOM,2026-04-20 02:09:41.703,2026-04-20 06:49:41.703,2026-04-20,280.0,280.0,280.0,0.0,False,False,False,False,False,False,False,False,False,False,False,False,False,True,False,Valid
IndiGo|6F143|CCU|DEL|2026-04-20 02:09:41.702,6F143,IndiGo,CCU,DEL,CCU → DEL,2026-04-20 02:09:41.702,2026-04-20 06:08:41.702,2026-04-20,239.0,239.0,239.0,0.0,False,False,False,False,False,False,False,False,False,False,False,False,False,True,False,Valid
IndiGo|6F177|HYD|MAA|2026-04-20 02:03:41.703,6F177,IndiGo,HYD,MAA,HYD → MAA,2026-04-20 02:03:41.703,2026-04-20 04:25:41.703,2026-04-20,142.0,142.0,142.0,0.0,False,False,False,False,False,False,False,False,False,False,False,False,False,True,False,Valid
IndiGo|6F031|BOM|BLR|2026-04-20 02:00:41.701,6F031,IndiGo,BOM,BLR,BOM → BLR,2026-04-20 02:00:41.701,2026-04-20 06:37:41.701,2026-04-20,277.0,277.0,277.0,0.0,False,False,False,False,False,False,False,False,False,False,False,False,False,True,False,Valid
Vistara|UK165|DEL|BLR|2026-04-20 01:51:41.703,UK165,Vistara,DEL,BLR,DEL → BLR,2026-04-20 01:51:41.703,2026-04-20 06:04:41.703,2026-04-20,253.0,253.0,253.0,0.0,False,False,False,False,False,False,False,False,False,False,False,False,False,True,False,Valid
IndiGo|6F122|DEL|BLR|2026-04-20 01:44:41.702,6F122,IndiGo,DEL,BLR,DEL → BLR,2026-04-20 01:44:41.702,2026-04-20 05:28:41.702,2026-04-20,224.0,224.0,224.0,0.0,False,False,False,False,False,False,False,False,False,False,False,False,False,True,False,Valid
Air India|AI009|DEL|CCU|2026-04-20 01:31:41.701,AI009,Air India,DEL,CCU,DEL → CCU,2026-04-20 01:31:41.701,2026-04-20 04:05:41.701,2026-04-20,154.0,154.0,154.0,0.0,False,False,False,False,False,False,False,False,False,False,False,False,False,True,False,Valid
IndiGo|6F046|DEL|BLR|2026-04-20 01:27:41.701,6F046,IndiGo,DEL,BLR,DEL → BLR,2026-04-20 01:27:41.701,2026-04-20 05:08:41.701,2026-04-20,221.0,221.0,221.0,0.0,False,False,False,False,False,False,False,False,False,False,False,False,False,True,False,Valid
Air India|AI051|MAA|BLR|2026-04-20 01:27:41.701,AI051,Air India,MAA,BLR,MAA → BLR,2026-04-20 01:27:41.701,2026-04-20 02:22:41.701,2026-04-20,55.0,55.0,55.0,0.0,False,False,False,False,False,False,False,False,False,False,False,False,False,True,False,Valid
Vistara|UK222|BOM|CCU|2026-04-20 01:22:41.704,UK222,Vistara,BOM,CCU,BOM → CCU,2026-04-20 01:22:41.704,2026-04-20 02:57:41.704,2026-04-20,95.0,95.0,95.0,0.0,False,False,False,False,False,False,False,False,False,False,False,False,False,True,False,Valid
SpiceJet|SJ127|BOM|DEL|2026-04-20 01:21:41.702,SJ127,SpiceJet,BOM,DEL,BOM → DEL,2026-04-20 01:21:41.702,2026-04-20 03:58:41.702,2026-04-20,157.0,157.0,157.0,0.0,False,False,False,False,False,False,False,False,False,False,False,False,False,True,False,Valid
Air India|AI226|BLR|HYD|2026-04-20 01:19:41.703,AI226,Air India,BLR,HYD,BLR → HYD,2026-04-20 01:19:41.703,2026-04-20 04:08:41.703,2026-04-20,169.0,169.0,169.0,0.0,False,False,False,False,False,False,False,False,False,False,False,False,False,True,False,Valid
Air India|AI216|BOM|CCU|2026-04-20 01:10:41.703,AI216,Air India,BOM,CCU,BOM → CCU,2026-04-20 01:10:41.703,2026-04-20 02:34:41.703,2026-04-20,84.0,84.0,84.0,0.0,False,False,False,False,False,False,False,False,False,False,False,False,False,True,False,Valid
IndiGo|6F058|BOM|CCU|2026-04-20 01:04:41.701,6F058,IndiGo,BOM,CCU,BOM → CCU,2026-04-20 01:04:41.701,2026-04-20 03:33:41.701,2026-04-20,149.0,149.0,149.0,0.0,False,False,False,False,False,False,False,False,False,False,False,False,False,True,False,Valid
SpiceJet|SJ207|DEL|CCU|2026-04-20 00:52:41.703,SJ207,SpiceJet,DEL,CCU,DEL → CCU,2026-04-20 00:52:41.703,2026-04-20 04:05:41.703,2026-04-20,193.0,193.0,193.0,0.0,False,False,False,False,False,False,False,False,False,False,False,False,False,True,False,Valid
SpiceJet|SJ198|CCU|BOM|2026-04-20 00:47:41.703,SJ198,SpiceJet,CCU,BOM,CCU → BOM,2026-04-20 00:47:41.703,2026-04-20 05:28:41.703,2026-04-20,281.0,281.0,281.0,0.0,False,False,False,False,False,False,False,False,False,False,False,False,False,True,False,Valid
SpiceJet|SJ108|BLR|HYD|2026-04-20 00:40:41.702,SJ108,SpiceJet,BLR,HYD,BLR → HYD,2026-04-20 00:40:41.702,2026-04-20 03:16:41.702,2026-04-20,156.0,156.0,156.0,0.0,False,False,False,False,False,False,False,False,False,False,False,False,False,True,False,Valid
SpiceJet|SJ155|DEL|CCU|2026-04-20 00:38:41.702,SJ155,SpiceJet,DEL,CCU,DEL → CCU,2026-04-20 00:38:41.702,2026-04-20 05:38:41.702,2026-04-20,300.0,300.0,300.0,0.0,False,False,False,False,False,False,False,False,False,False,False,False,False,True,False,Valid
IndiGo|6F193|BOM|MAA|2026-04-20 00:34:41.703,6F193,IndiGo,BOM,MAA,BOM → MAA,2026-04-20 00:34:41.703,2026-04-20 02:32:41.703,2026-04-20,118.0,118.0,118.0,0.0,False,False,False,False,False,False,False,False,False,False,False,False,False,True,False,Valid
IndiGo|6F019|BLR|BOM|2026-04-20 00:19:41.701,6F019,IndiGo,BLR,BOM,BLR → BOM,2026-04-20 00:19:41.701,2026-04-20 04:14:41.701,2026-04-20,235.0,235.0,235.0,0.0,False,False,False,False,False,False,False,False,False,False,False,False,False,True,False,Valid
Air India|AI102|CCU|BLR|2026-04-20 00:17:41.702,AI102,Air India,CCU,BLR,CCU → BLR,2026-04-20 00:17:41.702,2026-04-20 05:08:41.702,2026-04-20,291.0,291.0,291.0,0.0,False,False,False,False,False,False,False,False,False,False,False,False,False,True,False,Valid
IndiGo|6F166|BOM|CCU|2026-04-20 00:03:41.703,6F166,IndiGo,BOM,CCU,BOM → CCU,2026-04-20 00:03:41.703,2026-04-20 04:33:41.703,2026-04-20,270.0,270.0,270.0,0.0,False,False,False,False,False,False,False,False,False,False,False,False,False,True,False,Valid
Vistara|UK175|BLR|BOM|2026-04-19 23:56:41.703,UK175,Vistara,BLR,BOM,BLR → BOM,2026-04-19 23:56:41.703,2026-04-20 03:18:41.703,2026-04-19,202.0,202.0,202.0,0.0,True,False,False,False,False,False,False,False,False,False,False,False,False,True,False,Valid
IndiGo|6F010|DEL|BLR|2026-04-19 23:53:41.701,6F010,IndiGo,DEL,BLR,DEL → BLR,2026-04-19 23:53:41.701,2026-04-20 03:44:41.701,2026-04-19,231.0,231.0,231.0,0.0,True,False,False,False,False,False,False,False,False,False,False,False,False,True,False,Valid
Air India|AI234|BOM|MAA|2026-04-19 23:50:41.704,AI234,Air India,BOM,MAA,BOM → MAA,2026-04-19 23:50:41.704,2026-04-20 01:34:41.704,2026-04-19,104.0,104.0,104.0,0.0,True,False,False,False,False,False,False,False,False,False,False,False,False,True,False,Valid
Vistara|UK135|HYD|DEL|2026-04-19 23:50:41.702,UK135,Vistara,HYD,DEL,HYD → DEL,2026-04-19 23:50:41.702,2026-04-20 01:43:41.702,2026-04-19,113.0,113.0,113.0,0.0,True,False,False,False,False,False,False,False,False,False,False,False,False,True,False,Valid
IndiGo|6F272|HYD|MAA|2026-04-19 23:35:41.702,6F272,IndiGo,HYD,MAA,HYD → MAA,2026-04-19 23:35:41.702,2026-04-20 00:22:41.702,2026-04-19,47.0,47.0,47.0,0.0,True,False,False,False,False,False,False,False,False,False,False,False,False,True,False,Valid
Air India|AI061|BOM|CCU|2026-04-19 23:31:41.701,AI061,Air India,BOM,CCU,BOM → CCU,2026-04-19 23:31:41.701,2026-04-20 01:02:41.701,2026-04-19,91.0,91.0,91.0,0.0,True,False,False,False,False,False,False,False,False,False,False,False,False,True,False,Valid
IndiGo|6F070|HYD|DEL|2026-04-19 23:23:41.701,6F070,IndiGo,HYD,DEL,HYD → DEL,2026-04-19 23:23:41.701,2026-04-20 02:24:41.701,2026-04-19,181.0,181.0,181.0,0.0,True,False,False,False,False,False,False,False,False,False,False,False,False,True,False,Valid
Air India|AI015|BLR|CCU|2026-04-19 23:21:41.701,AI015,Air India,BLR,CCU,BLR → CCU,2026-04-19 23:21:41.701,2026-04-20 01:15:41.701,2026-04-19,114.0,114.0,114.0,0.0,True,False,False,False,False,False,False,False,False,False,False,False,False,True,False,Valid
SpiceJet|SJ076|DEL|MAA|2026-04-19 23:01:41.701,SJ076,SpiceJet,DEL,MAA,DEL → MAA,2026-04-19 23:01:41.701,2026-04-20 02:02:41.701,2026-04-19,181.0,181.0,181.0,0.0,True,False,False,False,False,False,False,False,False,False,False,False,False,True,False,Valid
SpiceJet|SJ029|HYD|DEL|2026-04-19 22:55:41.701,SJ029,SpiceJet,HYD,DEL,HYD → DEL,2026-04-19 22:55:41.701,2026-04-20 00:22:41.701,2026-04-19,87.0,87.0,87.0,0.0,True,False,False,False,False,False,False,False,False,False,False,False,False,True,False,Valid
SpiceJet|SJ194|CCU|DEL|2026-04-19 22:46:41.703,SJ194,SpiceJet,CCU,DEL,CCU → DEL,2026-04-19 22:46:41.703,2026-04-20 02:31:41.703,2026-04-19,225.0,225.0,225.0,0.0,True,False,False,False,False,False,False,False,False,False,False,False,False,True,False,Valid
Air India|AI235|BLR|HYD|2026-04-19 22:45:41.704,AI235,Air India,BLR,HYD,BLR → HYD,2026-04-19 22:45:41.704,2026-04-20 02:12:41.704,2026-04-19,207.0,207.0,207.0,0.0,True,False,False,False,False,False,False,False,False,False,False,False,False,True,False,Valid
SpiceJet|SJ048|MAA|BLR|2026-04-19 22:43:41.701,SJ048,SpiceJet,MAA,BLR,MAA → BLR,2026-04-19 22:43:41.701,2026-04-20 00:19:41.701,2026-04-19,96.0,96.0,96.0,0.0,True,False,False,False,False,False,False,False,False,False,False,False,False,True,False,Valid
SpiceJet|SJ114|HYD|DEL|2026-04-19 22:42:41.702,SJ114,SpiceJet,HYD,DEL,HYD → DEL,2026-04-19 22:42:41.702,2026-04-20 02:02:41.702,2026-04-19,200.0,200.0,200.0,0.0,True,False,False,False,False,False,False,False,False,False,False,False,False,True,False,Valid
SpiceJet|SJ146|HYD|BLR|2026-04-19 22:37:41.702,SJ146,SpiceJet,HYD,BLR,HYD → BLR,2026-04-19 22:37:41.702,2026-04-20 00:33:41.702,2026-04-19,116.0,116.0,116.0,0.0,True,False,False,False,False,False,False,False,False,False,False,False,False,True,False,Valid
Vistara|UK041|HYD|MAA|2026-04-19 22:37:41.701,UK041,Vistara,HYD,MAA,HYD → MAA,2026-04-19 22:37:41.701,2026-04-19 23:44:41.701,2026-04-19,67.0,67.0,67.0,0.0,False,False,False,False,False,False,False,False,False,False,False,False,False,True,False,Valid
IndiGo|6F075|BOM|CCU|2026-04-19 22:20:41.702,6F075,IndiGo,BOM,CCU,BOM → CCU,2026-04-19 22:20:41.702,2026-04-20 03:02:41.702,2026-04-19,282.0,282.0,282.0,0.0,True,False,False,False,False,False,False,False,False,False,False,False,False,True,False,Valid
SpiceJet|SJ020|BLR|BOM|2026-04-19 22:18:41.701,SJ020,SpiceJet,BLR,BOM,BLR → BOM,2026-04-19 22:18:41.701,2026-04-20 02:27:41.701,2026-04-19,249.0,249.0,249.0,0.0,True,False,False,False,False,False,False,False,False,False,False,False,False,True,False,Valid
SpiceJet|SJ099|MAA|BLR|2026-04-19 22:14:41.702,SJ099,SpiceJet,MAA,BLR,MAA → BLR,2026-04-19 22:14:41.702,2026-04-20 00:34:41.702,2026-04-19,140.0,140.0,140.0,0.0,True,False,False,False,False,False,False,False,False,False,False,False,False,True,False,Valid
IndiGo|6F078|BOM|CCU|2026-04-19 22:04:41.702,6F078,IndiGo,BOM,CCU,BOM → CCU,2026-04-19 22:04:41.702,2026-04-19 23:37:41.702,2026-04-19,93.0,93.0,93.0,0.0,False,False,False,False,False,False,False,False,False,False,False,False,False,True,False,Valid
Vistara|UK219|BOM|HYD|2026-04-19 22:03:41.704,UK219,Vistara,BOM,HYD,BOM → HYD,2026-04-19 22:03:41.704,2026-04-20 02:21:41.704,2026-04-19,258.0,258.0,258.0,0.0,True,False,False,False,False,False,False,False,False,False,False,False,False,True,False,Valid
Vistara|UK223|CCU|DEL|2026-04-19 21:58:41.704,UK223,Vistara,CCU,DEL,CCU → DEL,2026-04-19 21:58:41.704,2026-04-19 22:30:41.704,2026-04-19,32.0,32.0,32.0,0.0,False,False,False,False,False,False,False,False,False,False,False,False,False,True,False,Valid
Vistara|UK227|BOM|HYD|2026-04-19 21:57:41.704,UK227,Vistara,BOM,HYD,BOM → HYD,2026-04-19 21:57:41.704,2026-04-20 01:47:41.704,2026-04-19,230.0,230.0,230.0,0.0,True,False,False,False,False,False,False,False,False,False,False,False,False,True,False,Valid
IndiGo|6F260|CCU|DEL|2026-04-19 21:51:41.702,6F260,IndiGo,CCU,DEL,CCU → DEL,2026-04-19 21:51:41.702,2026-04-20 01:14:41.702,2026-04-19,203.0,203.0,203.0,0.0,True,False,False,False,False,False,False,False,False,False,False,False,False,True,False,Valid
Air India|AI096|CCU|DEL|2026-04-19 21:48:41.702,AI096,Air India,CCU,DEL,CCU → DEL,2026-04-19 21:48:41.702,2026-04-20 02:46:41.702,2026-04-19,298.0,298.0,298.0,0.0,True,False,False,False,False,False,False,False,False,False,False,False,False,True,False,Valid
IndiGo|6F022|MAA|BLR|2026-04-19 21:46:41.701,6F022,IndiGo,MAA,BLR,MAA → BLR,2026-04-19 21:46:41.701,2026-04-20 02:05:41.701,2026-04-19,259.0,259.0,259.0,0.0,True,False,False,False,False,False,False,False,False,False,False,False,False,True,False,Valid
IndiGo|6F237|HYD|MAA|2026-04-19 21:41:41.704,6F237,IndiGo,HYD,MAA,HYD → MAA,2026-04-19 21:41:41.704,2026-04-20 00:44:41.704,2026-04-19,183.0,183.0,183.0,0.0,True,False,False,False,False,False,False,False,False,False,False,False,False,True,False,Valid
Vistara|UK146|BOM|MAA|2026-04-19 21:40:41.703,UK146,Vistara,BOM,MAA,BOM → MAA,2026-04-19 21:40:41.703,2026-04-20 00:08:41.703,2026-04-19,148.0,148.0,148.0,0.0,True,False,False,False,False,False,False,False,False,False,False,False,False,True,False,Valid
SpiceJet|SJ015|BOM|CCU|2026-04-19 21:40:41.701,SJ015,SpiceJet,BOM,CCU,BOM → CCU,2026-04-19 21:40:41.701,2026-04-19 22:52:41.701,2026-04-19,72.0,72.0,72.0,0.0,False,False,False,False,False,False,False,False,False,False,False,False,False,True,False,Valid
Air India|AI108|BLR|CCU|2026-04-19 21:32:41.702,AI108,Air India,BLR,CCU,BLR → CCU,2026-04-19 21:32:41.702,2026-04-20 00:17:41.702,2026-04-19,165.0,165.0,165.0,0.0,True,False,False,False,False,False,False,False,False,False,False,False,False,True,False,Valid
Vistara|UK020|MAA|BLR|2026-04-19 21:23:41.701,UK020,Vistara,MAA,BLR,MAA → BLR,2026-04-19 21:23:41.701,2026-04-19 22:38:41.701,2026-04-19,75.0,75.0,75.0,0.0,False,False,False,False,False,False,False,False,False,False,False,False,False,True,False,Valid
IndiGo|6F113|BOM|CCU|2026-04-19 21:04:41.702,6F113,IndiGo,BOM,CCU,BOM → CCU,2026-04-19 21:04:41.702,2026-04-20 01:30:41.702,2026-04-19,266.0,266.0,266.0,0.0,True,False,False,False,False,False,False,False,False,False,False,False,False,True,False,Valid
IndiGo|6F112|HYD|DEL|2026-04-19 21:00:41.702,6F112,IndiGo,HYD,DEL,HYD → DEL,2026-04-19 21:00:41.702,2026-04-19 23:16:41.702,2026-04-19,136.0,136.0,136.0,0.0,False,False,False,False,False,False,False,False,False,False,False,False,False,True,False,Valid
IndiGo|6F246|HYD|DEL|2026-04-19 21:00:41.702,6F246,IndiGo,HYD,DEL,HYD → DEL,2026-04-19 21:00:41.702,2026-04-19 23:16:41.702,2026-04-19,136.0,136.0,136.0,0.0,False,False,False,False,False,False,False,False,False,False,False,False,False,True,False,Valid
Vistara|UK158|BOM|MAA|2026-04-19 20:49:41.703,UK158,Vistara,BOM,MAA,BOM → MAA,2026-04-19 20:49:41.703,2026-04-19 21:22:41.703,2026-04-19,33.0,33.0,33.0,0.0,False,False,False,False,False,False,False,False,False,False,False,False,False,True,False,Valid
Vistara|UK159|CCU|BLR|2026-04-19 20:45:41.703,UK159,Vistara,CCU,BLR,CCU → BLR,2026-04-19 20:45:41.703,2026-04-19 23:32:41.703,2026-04-19,167.0,167.0,167.0,0.0,False,False,False,False,False,False,False,False,False,False,False,False,False,True,False,Valid
Vistara|UK084|MAA|DEL|2026-04-19 20:44:41.702,UK084,Vistara,MAA,DEL,MAA → DEL,2026-04-19 20:44:41.702,2026-04-20 00:20:41.702,2026-04-19,216.0,216.0,216.0,0.0,True,False,False,False,False,False,False,False,False,False,False,False,False,True,False,Valid
SpiceJet|SJ206|DEL|CCU|2026-04-19 20:43:41.703,SJ206,SpiceJet,DEL,CCU,DEL → CCU,2026-04-19 20:43:41.703,2026-04-20 01:21:41.703,2026-04-19,278.0,278.0,278.0,0.0,True,False,False,False,False,False,False,False,False,False,False,False,False,True,False,Valid
Vistara|UK044|BLR|BOM|2026-04-19 20:31:41.701,UK044,Vistara,BLR,BOM,BLR → BOM,2026-04-19 20:31:41.701,2026-04-19 23:29:41.701,2026-04-19,178.0,178.0,178.0,0.0,False,False,False,False,False,False,False,False,False,False,False,False,False,True,False,Valid
SpiceJet|SJ036|DEL|HYD|2026-04-19 20:24:41.701,SJ036,SpiceJet,DEL,HYD,DEL → HYD,2026-04-19 20:24:41.701,2026-04-19 23:54:41.701,2026-04-19,210.0,210.0,210.0,0.0,False,False,False,False,False,False,False,False,False,False,False,False,False,True,False,Valid
IndiGo|6F176|CCU|DEL|2026-04-19 20:23:42.000,6F176,IndiGo,CCU,DEL,CCU → DEL,2026-04-19 20:23:42.000,2026-04-19 23:23:42.000,2026-04-19,180.0,180.0,180.0,0.0,False,False,False,False,False,False,False,False,False,False,False,False,False,True,False,Valid
IndiGo|6F148|CCU|BOM|2026-04-19 20:23:41.703,6F148,IndiGo,CCU,BOM,CCU → BOM,2026-04-19 20:23:41.703,2026-04-19 22:30:41.703,2026-04-19,127.0,127.0,127.0,0.0,False,False,False,False,False,False,False,False,False,False,False,False,False,True,False,Valid
IndiGo|6F202|HYD|BLR|2026-04-19 20:18:41.703,6F202,IndiGo,HYD,BLR,HYD → BLR,2026-04-19 20:18:41.703,2026-04-19 23:48:41.703,2026-04-19,210.0,210.0,210.0,0.0,False,False,False,False,False,False,False,False,False,False,False,False,False,True,False,Valid
IndiGo|6F071|DEL|CCU|2026-04-19 20:18:41.702,6F071,IndiGo,DEL,CCU,DEL → CCU,2026-04-19 20:18:41.702,2026-04-20 00:31:41.702,2026-04-19,253.0,253.0,253.0,0.0,True,False,False,False,False,False,False,False,False,False,False,False,False,True,False,Valid
Air India|AI105|CCU|DEL|2026-04-19 20:16:41.702,AI105,Air India,CCU,DEL,CCU → DEL,2026-04-19 20:16:41.702,2026-04-19 22:03:41.702,2026-04-19,107.0,107.0,107.0,0.0,False,False,False,False,False,False,False,False,False,False,False,False,False,True,False,Valid
Air India|AI241|HYD|BLR|2026-04-19 20:11:41.704,AI241,Air India,HYD,BLR,HYD → BLR,2026-04-19 20:11:41.704,2026-04-19 22:18:41.704,2026-04-19,127.0,127.0,127.0,0.0,False,False,False,False,False,False,False,False,False,False,False,False,False,True,False,Valid
SpiceJet|SJ162|DEL|HYD|2026-04-19 20:11:41.703,SJ162,SpiceJet,DEL,HYD,DEL → HYD,2026-04-19 20:11:41.703,2026-04-19 22:30:41.703,2026-04-19,139.0,139.0,139.0,0.0,False,False,False,False,False,False,False,False,False,False,False,False,False,True,False,Valid
IndiGo|6F003|HYD|BOM|2026-04-19 20:06:41.700,6F003,IndiGo,HYD,BOM,HYD → BOM,2026-04-19 20:06:41.700,2026-04-19 23:13:41.700,2026-04-19,187.0,187.0,187.0,0.0,False,False,False,False,False,False,False,False,False,False,False,False,False,True,False,Valid
IndiGo|6F249|HYD|BOM|2026-04-19 20:06:41.700,6F249,IndiGo,HYD,BOM,HYD → BOM,2026-04-19 20:06:41.700,2026-04-19 23:13:41.700,2026-04-19,187.0,187.0,187.0,0.0,False,False,False,False,False,False,False,False,False,False,False,False,False,True,False,Valid
Air India|AI237|BOM|CCU|2026-04-19 19:58:41.704,AI237,Air India,BOM,CCU,BOM → CCU,2026-04-19 19:58:41.704,2026-04-19 23:13:41.704,2026-04-19,195.0,195.0,195.0,0.0,False,False,False,False,False,False,False,False,False,False,False,False,False,True,False,Valid
SpiceJet|SJ134|BOM|CCU|2026-04-19 19:58:41.702,SJ134,SpiceJet,BOM,CCU,BOM → CCU,2026-04-19 19:58:41.702,2026-04-20 00:15:41.702,2026-04-19,257.0,257.0,257.0,0.0,True,False,False,False,False,False,False,False,False,False,False,False,False,True,False,Valid
Air India|AI071|BOM|MAA|2026-04-19 19:55:41.702,AI071,Air India,BOM,MAA,BOM → MAA,2026-04-19 19:55:41.702,2026-04-19 22:58:41.702,2026-04-19,183.0,183.0,183.0,0.0,False,False,False,False,False,False,False,False,False,False,False,False,False,True,False,Valid
IndiGo|6F118|CCU|HYD|2026-04-19 19:52:41.702,6F118,IndiGo,CCU,HYD,CCU → HYD,2026-04-19 19:52:41.702,2026-04-19 21:01:41.702,2026-04-19,69.0,69.0,69.0,0.0,False,False,False,False,False,False,False,False,False,False,False,False,False,True,False,Valid
IndiGo|6F014|DEL|MAA|2026-04-19 19:42:41.701,6F014,IndiGo,DEL,MAA,DEL → MAA,2026-04-19 19:42:41.701,2026-04-19 23:15:41.701,2026-04-19,213.0,213.0,213.0,0.0,False,False,False,False,False,False,False,False,False,False,False,False,False,True,False,Valid
IndiGo|6F065|MAA|BLR|2026-04-19 19:40:41.701,6F065,IndiGo,MAA,BLR,MAA → BLR,2026-04-19 19:40:41.701,2026-04-19 22:23:41.701,2026-04-19,163.0,163.0,163.0,0.0,False,False,False,False,False,False,False,False,False,False,False,False,False,True,False,Valid
IndiGo|6F271|HYD|MAA|2026-04-19 19:33:41.702,6F271,IndiGo,HYD,MAA,HYD → MAA,2026-04-19 19:33:41.702,2026-04-19 22:52:41.702,2026-04-19,199.0,199.0,199.0,0.0,False,False,False,False,False,False,False,False,False,False,False,False,False,True,False,Valid
SpiceJet|SJ070|MAA|CCU|2026-04-19 18:55:41.701,SJ070,SpiceJet,MAA,CCU,MAA → CCU,2026-04-19 18:55:41.701,2026-04-19 20:48:41.701,2026-04-19,113.0,113.0,113.0,0.0,False,False,False,False,False,False,False,False,False,False,False,False,False,True,False,Valid
IndiGo|6F007|HYD|MAA|2026-04-19 18:55:41.701,6F007,IndiGo,HYD,MAA,HYD → MAA,2026-04-19 18:55:41.701,2026-04-19 19:54:41.701,2026-04-19,59.0,59.0,59.0,0.0,False,False,False,False,False,False,False,False,False,False,False,False,False,True,False,Valid
Vistara|UK007|DEL|HYD|2026-04-19 18:50:41.701,UK007,Vistara,DEL,HYD,DEL → HYD,2026-04-19 18:50:41.701,2026-04-19 21:04:41.701,2026-04-19,134.0,134.0,134.0,0.0,False,False,False,False,False,False,False,False,False,False,False,False,False,True,False,Valid
Air India|AI097|HYD|MAA|2026-04-19 18:42:41.702,AI097,Air India,HYD,MAA,HYD → MAA,2026-04-19 18:42:41.702,2026-04-19 23:34:41.702,2026-04-19,292.0,292.0,292.0,0.0,False,False,False,False,False,False,False,False,False,False,False,False,False,True,False,Valid
IndiGo|6F256|BOM|CCU|2026-04-19 18:40:41.702,6F256,IndiGo,BOM,CCU,BOM → CCU,2026-04-19 18:40:41.702,2026-04-19 19:13:41.702,2026-04-19,33.0,33.0,33.0,0.0,False,False,False,False,False,False,False,False,False,False,False,False,False,True,False,Valid
Vistara|UK047|BLR|HYD|2026-04-19 18:40:41.701,UK047,Vistara,BLR,HYD,BLR → HYD,2026-04-19 18:40:41.701,2026-04-19 22:45:41.701,2026-04-19,245.0,245.0,245.0,0.0,False,False,False,False,False,False,False,False,False,False,False,False,False,True,False,Valid
Air India|AI024|MAA|BOM|2026-04-19 18:38:41.701,AI024,Air India,MAA,BOM,MAA → BOM,2026-04-19 18:38:41.701,2026-04-19 19:45:41.701,2026-04-19,67.0,67.0,67.0,0.0,False,False,False,False,False,False,False,False,False,False,False,False,False,True,False,Valid
Vistara|UK113|CCU|DEL|2026-04-19 18:34:41.702,UK113,Vistara,CCU,DEL,CCU → DEL,2026-04-19 18:34:41.702,2026-04-19 22:58:41.702,2026-04-19,264.0,264.0,264.0,0.0,False,False,False,False,False,False,False,False,False,False,False,False,False,True,False,Valid
SpiceJet|SJ163|DEL|HYD|2026-04-19 18:32:41.703,SJ163,SpiceJet,DEL,HYD,DEL → HYD,2026-04-19 18:32:41.703,2026-04-19 23:08:41.703,2026-04-19,276.0,276.0,276.0,0.0,False,False,False,False,False,False,False,False,False,False,False,False,False,True,False,Valid
SpiceJet|SJ208|DEL|HYD|2026-04-19 18:32:41.703,SJ208,SpiceJet,DEL,HYD,DEL → HYD,2026-04-19 18:32:41.703,2026-04-19 19:33:41.703,2026-04-19,61.0,61.0,61.0,0.0,False,False,False,False,False,False,False,False,False,False,False,False,False,True,False,Valid
SpiceJet|SJ221|MAA|HYD|2026-04-19 18:31:41.703,SJ221,SpiceJet,MAA,HYD,MAA → HYD,2026-04-19 18:31:41.703,2026-04-19 23:17:41.703,2026-04-19,286.0,286.0,286.0,0.0,False,False,False,False,False,False,False,False,False,False,False,False,False,True,False,Valid
SpiceJet|SJ084|HYD|MAA|2026-04-19 18:31:41.702,SJ084,SpiceJet,HYD,MAA,HYD → MAA,2026-04-19 18:31:41.702,2026-04-19 19:30:41.702,2026-04-19,59.0,59.0,59.0,0.0,False,False,False,False,False,False,False,False,False,False,False,False,False,True,False,Valid
IndiGo|6F127|HYD|BOM|2026-04-19 18:27:41.702,6F127,IndiGo,HYD,BOM,HYD → BOM,2026-04-19 18:27:41.702,2026-04-19 22:28:41.702,2026-04-19,241.0,241.0,241.0,0.0,False,False,False,False,False,False,False,False,False,False,False,False,False,True,False,Valid
Air India|AI122|BOM|CCU|2026-04-19 18:25:41.702,AI122,Air India,BOM,CCU,BOM → CCU,2026-04-19 18:25:41.702,2026-04-19 22:36:41.702,2026-04-19,251.0,251.0,251.0,0.0,False,False,False,False,False,False,False,False,False,False,False,False,False,True,False,Valid
Air India|AI139|HYD|MAA|2026-04-19 18:23:41.702,AI139,Air India,HYD,MAA,HYD → MAA,2026-04-19 18:23:41.702,2026-04-19 19:24:41.702,2026-04-19,61.0,61.0,61.0,0.0,False,False,False,False,False,False,False,False,False,False,False,False,False,True,False,Valid
Vistara|UK149|MAA|DEL|2026-04-19 18:22:41.703,UK149,Vistara,MAA,DEL,MAA → DEL,2026-04-19 18:22:41.703,2026-04-19 23:08:41.703,2026-04-19,286.0,286.0,286.0,0.0,False,False,False,False,False,False,False,False,False,False,False,False,False,True,False,Valid
Air India|AI149|BOM|HYD|2026-04-19 18:19:41.703,AI149,Air India,BOM,HYD,BOM → HYD,2026-04-19 18:19:41.703,2026-04-19 21:36:41.703,2026-04-19,197.0,197.0,197.0,0.0,False,False,False,False,False,False,False,False,False,False,False,False,False,True,False,Valid
SpiceJet|SJ243|BLR|DEL|2026-04-19 18:17:41.704,SJ243,SpiceJet,BLR,DEL,BLR → DEL,2026-04-19 18:17:41.704,2026-04-19 23:03:41.704,2026-04-19,286.0,286.0,286.0,0.0,False,False,False,False,False,False,False,False,False,False,False,False,False,True,False,Valid
Air India|AI053|CCU|DEL|2026-04-19 18:04:41.701,AI053,Air India,CCU,DEL,CCU → DEL,2026-04-19 18:04:41.701,2026-04-19 22:19:41.701,2026-04-19,255.0,255.0,255.0,0.0,False,False,False,False,False,False,False,False,False,False,False,False,False,True,False,Valid
Vistara|UK061|BLR|BOM|2026-04-19 17:58:41.701,UK061,Vistara,BLR,BOM,BLR → BOM,2026-04-19 17:58:41.701,2026-04-19 19:48:41.701,2026-04-19,110.0,110.0,110.0,0.0,False,False,False,False,False,False,False,False,False,False,False,False,False,True,False,Valid
SpiceJet|SJ004|MAA|DEL|2026-04-19 17:52:41.701,SJ004,SpiceJet,MAA,DEL,MAA → DEL,2026-04-19 17:52:41.701,2026-04-19 21:01:41.701,2026-04-19,189.0,189.0,189.0,0.0,False,False,False,False,False,False,False,False,False,False,False,False,False,True,False,Valid
Air India|AI173|HYD|DEL|2026-04-19 17:36:41.703,AI173,Air India,HYD,DEL,HYD → DEL,2026-04-19 17:36:41.703,2026-04-19 22:27:41.703,2026-04-19,291.0,291.0,291.0,0.0,False,False,False,False,False,False,False,False,False,False,False,False,False,True,False,Valid
IndiGo|6F085|HYD|MAA|2026-04-19 17:32:41.702,6F085,IndiGo,HYD,MAA,HYD → MAA,2026-04-19 17:32:41.702,2026-04-19 19:32:42.000,2026-04-19,120.00496666666666,120.00496666666666,120.00496666666666,0.0,False,False,False,False,False,False,False,False,False,False,False,False,False,True,False,Valid
Air India|AI252|HYD|DEL|2026-04-19 17:30:41.704,AI252,Air India,HYD,DEL,HYD → DEL,2026-04-19 17:30:41.704,2026-04-19 21:54:41.704,2026-04-19,264.0,264.0,264.0,0.0,False,False,False,False,False,False,False,False,False,False,False,False,False,True,False,Valid
SpiceJet|SJ109|BOM|DEL|2026-04-19 17:24:41.702,SJ109,SpiceJet,BOM,DEL,BOM → DEL,2026-04-19 17:24:41.702,2026-04-19 20:28:41.702,2026-04-19,184.0,184.0,184.0,0.0,False,False,False,False,False,False,False,False,False,False,False,False,False,True,False,Valid
Vistara|UK123|BOM|DEL|2026-04-19 17:24:41.702,UK123,Vistara,BOM,DEL,BOM → DEL,2026-04-19 17:24:41.702,2026-04-19 20:18:41.702,2026-04-19,174.0,174.0,174.0,0.0,False,False,False,False,False,False,False,False,False,False,False,False,False,True,False,Valid
IndiGo|6F125|BOM|CCU|2026-04-19 17:09:41.702,6F125,IndiGo,BOM,CCU,BOM → CCU,2026-04-19 17:09:41.702,2026-04-19 21:13:41.702,2026-04-19,244.0,244.0,244.0,0.0,False,False,False,False,False,False,False,False,False,False,False,False,False,True,False,Valid
Vistara|UK183|BLR|CCU|2026-04-19 17:07:41.703,UK183,Vistara,BLR,CCU,BLR → CCU,2026-04-19 17:07:41.703,2026-04-19 18:30:41.703,2026-04-19,83.0,83.0,83.0,0.0,False,False,False,False,False,False,False,False,False,False,False,False,False,True,False,Valid
Air India|AI110|BOM|CCU|2026-04-19 17:07:41.702,AI110,Air India,BOM,CCU,BOM → CCU,2026-04-19 17:07:41.702,2026-04-19 22:00:41.702,2026-04-19,293.0,293.0,293.0,0.0,False,False,False,False,False,False,False,False,False,False,False,False,False,True,False,Valid
Vistara|UK105|CCU|HYD|2026-04-19 17:04:41.702,UK105,Vistara,CCU,HYD,CCU → HYD,2026-04-19 17:04:41.702,2026-04-19 18:11:41.702,2026-04-19,67.0,67.0,67.0,0.0,False,False,False,False,False,False,False,False,False,False,False,False,False,True,False,Valid
IndiGo|6F128|HYD|DEL|2026-04-19 16:56:41.702,6F128,IndiGo,HYD,DEL,HYD → DEL,2026-04-19 16:56:41.702,2026-04-19 18:03:41.702,2026-04-19,67.0,67.0,67.0,0.0,False,False,False,False,False,False,False,False,False,False,False,False,False,True,False,Valid
IndiGo|6F224|DEL|MAA|2026-04-19 16:53:41.704,6F224,IndiGo,DEL,MAA,DEL → MAA,2026-04-19 16:53:41.704,2026-04-19 18:52:41.704,2026-04-19,119.0,119.0,119.0,0.0,False,False,False,False,False,False,False,False,False,False,False,False,False,True,False,Valid
SpiceJet|SJ130|BOM|DEL|2026-04-19 16:53:41.702,SJ130,SpiceJet,BOM,DEL,BOM → DEL,2026-04-19 16:53:41.702,2026-04-19 20:53:41.702,2026-04-19,240.0,240.0,240.0,0.0,False,False,False,False,False,False,False,False,False,False,False,False,False,True,False,Valid
Air India|AI224|DEL|HYD|2026-04-19 16:51:41.703,AI224,Air India,DEL,HYD,DEL → HYD,2026-04-19 16:51:41.703,2026-04-19 21:36:41.703,2026-04-19,285.0,285.0,285.0,0.0,False,False,False,False,False,False,False,False,False,False,False,False,False,True,False,Valid
SpiceJet|SJ182|CCU|BOM|2026-04-19 16:48:41.703,SJ182,SpiceJet,CCU,BOM,CCU → BOM,2026-04-19 16:48:41.703,2026-04-19 17:36:41.703,2026-04-19,48.0,48.0,48.0,0.0,False,False,False,False,False,False,False,False,False,False,False,False,False,True,False,Valid
Vistara|UK164|BOM|HYD|2026-04-19 16:46:41.703,UK164,Vistara,BOM,HYD,BOM → HYD,2026-04-19 16:46:41.703,2026-04-19 21:10:41.703,2026-04-19,264.0,264.0,264.0,0.0,False,False,False,False,False,False,False,False,False,False,False,False,False,True,False,Valid
Air India|AI161|CCU|BOM|2026-04-19 16:40:41.703,AI161,Air India,CCU,BOM,CCU → BOM,2026-04-19 16:40:41.703,2026-04-19 19:40:41.703,2026-04-19,180.0,180.0,180.0,0.0,False,False,False,False,False,False,False,False,False,False,False,False,False,True,False,Valid
IndiGo|6F206|DEL|BOM|2026-04-19 16:39:41.703,6F206,IndiGo,DEL,BOM,DEL → BOM,2026-04-19 16:39:41.703,2026-04-19 20:59:41.703,2026-04-19,260.0,260.0,260.0,0.0,False,False,False,False,False,False,False,False,False,False,False,False,False,True,False,Valid
SpiceJet|SJ204|CCU|DEL|2026-04-19 16:34:41.703,SJ204,SpiceJet,CCU,DEL,CCU → DEL,2026-04-19 16:34:41.703,2026-04-19 18:15:41.703,2026-04-19,101.0,101.0,101.0,0.0,False,False,False,False,False,False,False,False,False,False,False,False,False,True,False,Valid
Air India|AI206|CCU|MAA|2026-04-19 16:30:41.703,AI206,Air India,CCU,MAA,CCU → MAA,2026-04-19 16:30:41.703,2026-04-19 20:01:41.703,2026-04-19,211.0,211.0,211.0,0.0,False,False,False,False,False,False,False,False,False,False,False,False,False,True,False,Valid
IndiGo|6F140|CCU|HYD|2026-04-19 16:30:41.702,6F140,IndiGo,CCU,HYD,CCU → HYD,2026-04-19 16:30:41.702,2026-04-19 18:21:41.702,2026-04-19,111.0,111.0,111.0,0.0,False,False,False,False,False,False,False,False,False,False,False,False,False,True,False,Valid
IndiGo|6F253|MAA|BLR|2026-04-19 16:26:41.703,6F253,IndiGo,MAA,BLR,MAA → BLR,2026-04-19 16:26:41.703,2026-04-19 18:24:41.703,2026-04-19,118.0,118.0,118.0,0.0,False,False,False,False,False,False,False,False,False,False,False,False,False,True,False,Valid
SpiceJet|SJ203|DEL|HYD|2026-04-19 16:22:41.703,SJ203,SpiceJet,DEL,HYD,DEL → HYD,2026-04-19 16:22:41.703,2026-04-19 18:27:41.703,2026-04-19,125.0,125.0,125.0,0.0,False,False,False,False,False,False,False,False,False,False,False,False,False,True,False,Valid
SpiceJet|SJ161|MAA|BLR|2026-04-19 16:22:41.703,SJ161,SpiceJet,MAA,BLR,MAA → BLR,2026-04-19 16:22:41.703,2026-04-19 17:04:41.703,2026-04-19,42.0,42.0,42.0,0.0,False,False,False,False,False,False,False,False,False,False,False,False,False,True,False,Valid
Air India|AI098|HYD|MAA|2026-04-19 16:01:41.702,AI098,Air India,HYD,MAA,HYD → MAA,2026-04-19 16:01:41.702,2026-04-19 18:11:41.702,2026-04-19,130.0,130.0,130.0,0.0,False,False,False,False,False,False,False,False,False,False,False,False,False,True,False,Valid
Air India|AI168|DEL|CCU|2026-04-19 15:50:41.703,AI168,Air India,DEL,CCU,DEL → CCU,2026-04-19 15:50:41.703,2026-04-19 20:20:41.703,2026-04-19,270.0,270.0,270.0,0.0,False,False,False,False,False,False,False,False,False,False,False,False,False,True,False,Valid
Vistara|UK190|DEL|BLR|2026-04-19 15:49:41.703,UK190,Vistara,DEL,BLR,DEL → BLR,2026-04-19 15:49:41.703,2026-04-19 18:53:41.703,2026-04-19,184.0,184.0,184.0,0.0,False,False,False,False,False,False,False,False,False,False,False,False,False,True,False,Valid
Air India|AI085|DEL|HYD|2026-04-19 15:45:41.702,AI085,Air India,DEL,HYD,DEL → HYD,2026-04-19 15:45:41.702,2026-04-19 20:33:41.702,2026-04-19,288.0,288.0,288.0,0.0,False,False,False,False,False,False,False,False,False,False,False,False,False,True,False,Valid
Air India|AI076|BLR|BOM|2026-04-19 15:37:41.702,AI076,Air India,BLR,BOM,BLR → BOM,2026-04-19 15:37:41.702,2026-04-19 16:12:41.702,2026-04-19,35.0,35.0,35.0,0.0,False,False,False,False,False,False,False,False,False,False,False,False,False,True,False,Valid
Vistara|UK130|MAA|BLR|2026-04-19 15:36:41.702,UK130,Vistara,MAA,BLR,MAA → BLR,2026-04-19 15:36:41.702,2026-04-19 19:43:41.702,2026-04-19,247.0,247.0,247.0,0.0,False,False,False,False,False,False,False,False,False,False,False,False,False,True,False,Valid
IndiGo|6F038|HYD|MAA|2026-04-19 15:36:41.701,6F038,IndiGo,HYD,MAA,HYD → MAA,2026-04-19 15:36:41.701,2026-04-19 19:33:41.701,2026-04-19,237.0,237.0,237.0,0.0,False,False,False,False,False,False,False,False,False,False,False,False,False,True,False,Valid
Vistara|UK110|HYD|DEL|2026-04-19 15:26:41.702,UK110,Vistara,HYD,DEL,HYD → DEL,2026-04-19 15:26:41.702,2026-04-19 20:13:41.702,2026-04-19,287.0,287.0,287.0,0.0,False,False,False,False,False,False,False,False,False,False,False,False,False,True,False,Valid
SpiceJet|SJ013|DEL|MAA|2026-04-19 15:25:41.701,SJ013,SpiceJet,DEL,MAA,DEL → MAA,2026-04-19 15:25:41.701,2026-04-19 19:54:41.701,2026-04-19,269.0,269.0,269.0,0.0,False,False,False,False,False,False,False,False,False,False,False,False,False,True,False,Valid
Air India|AI039|MAA|BLR|2026-04-19 15:24:41.701,AI039,Air India,MAA,BLR,MAA → BLR,2026-04-19 15:24:41.701,2026-04-19 18:56:41.701,2026-04-19,212.0,212.0,212.0,0.0,False,False,False,False,False,False,False,False,False,False,False,False,False,True,False,Valid
Air India|AI248|CCU|DEL|2026-04-19 15:17:41.704,AI248,Air India,CCU,DEL,CCU → DEL,2026-04-19 15:17:41.704,2026-04-19 16:35:41.704,2026-04-19,78.0,78.0,78.0,0.0,False,False,False,False,False,False,False,False,False,False,False,False,False,True,False,Valid
IndiGo|6F199|DEL|MAA|2026-04-19 15:15:41.703,6F199,IndiGo,DEL,MAA,DEL → MAA,2026-04-19 15:15:41.703,2026-04-19 17:32:41.703,2026-04-19,137.0,137.0,137.0,0.0,False,False,False,False,False,False,False,False,False,False,False,False,False,True,False,Valid
Air India|AI225|BOM|BLR|2026-04-19 15:05:41.703,AI225,Air India,BOM,BLR,BOM → BLR,2026-04-19 15:05:41.703,2026-04-19 16:01:41.703,2026-04-19,56.0,56.0,56.0,0.0,False,False,False,False,False,False,False,False,False,False,False,False,False,True,False,Valid
SpiceJet|SJ028|CCU|BOM|2026-04-19 15:04:41.701,SJ028,SpiceJet,CCU,BOM,CCU → BOM,2026-04-19 15:04:41.701,2026-04-19 19:32:41.701,2026-04-19,268.0,268.0,268.0,0.0,False,False,False,False,False,False,False,False,False,False,False,False,False,True,False,Valid
SpiceJet|SJ012|HYD|BLR|2026-04-19 15:01:41.701,SJ012,SpiceJet,HYD,BLR,HYD → BLR,2026-04-19 15:01:41.701,2026-04-19 16:12:41.701,2026-04-19,71.0,71.0,71.0,0.0,False,False,False,False,False,False,False,False,False,False,False,False,False,True,False,Valid
SpiceJet|SJ131|MAA|HYD|2026-04-19 15:00:41.702,SJ131,SpiceJet,MAA,HYD,MAA → HYD,2026-04-19 15:00:41.702,2026-04-19 16:07:41.702,2026-04-19,67.0,67.0,67.0,0.0,False,False,False,False,False,False,False,False,False,False,False,False,False,True,False,Valid
Air India|AI010|BOM|HYD|2026-04-19 15:00:41.701,AI010,Air India,BOM,HYD,BOM → HYD,2026-04-19 15:00:41.701,2026-04-19 19:48:41.701,2026-04-19,288.0,288.0,288.0,0.0,False,False,False,False,False,False,False,False,False,False,False,False,False,True,False,Valid
IndiGo|6F020|BOM|HYD|2026-04-19 14:58:41.701,6F020,IndiGo,BOM,HYD,BOM → HYD,2026-04-19 14:58:41.701,2026-04-19 16:43:41.701,2026-04-19,105.0,105.0,105.0,0.0,False,False,False,False,False,False,False,False,False,False,False,False,False,True,False,Valid
SpiceJet|SJ038|BLR|DEL|2026-04-19 14:57:41.701,SJ038,SpiceJet,BLR,DEL,BLR → DEL,2026-04-19 14:57:41.701,2026-04-19 17:46:41.701,2026-04-19,169.0,169.0,169.0,0.0,False,False,False,False,False,False,False,False,False,False,False,False,False,True,False,Valid
Vistara|UK204|BLR|DEL|2026-04-19 14:46:41.703,UK204,Vistara,BLR,DEL,BLR → DEL,2026-04-19 14:46:41.703,2026-04-19 16:24:41.703,2026-04-19,98.0,98.0,98.0,0.0,False,False,False,False,False,False,False,False,False,False,False,False,False,True,False,Valid
Air India|AI036|BOM|CCU|2026-04-19 14:45:41.701,AI036,Air India,BOM,CCU,BOM → CCU,2026-04-19 14:45:41.701,2026-04-19 16:16:41.701,2026-04-19,91.0,91.0,91.0,0.0,False,False,False,False,False,False,False,False,False,False,False,False,False,True,False,Valid
Air India|AI100|CCU|BOM|2026-04-19 14:42:41.702,AI100,Air India,CCU,BOM,CCU → BOM,2026-04-19 14:42:41.702,2026-04-19 18:22:41.702,2026-04-19,220.0,220.0,220.0,0.0,False,False,False,False,False,False,False,False,False,False,False,False,False,True,False,Valid
SpiceJet|SJ215|CCU|DEL|2026-04-19 14:37:41.703,SJ215,SpiceJet,CCU,DEL,CCU → DEL,2026-04-19 14:37:41.703,2026-04-19 16:12:41.703,2026-04-19,95.0,95.0,95.0,0.0,False,False,False,False,False,False,False,False,False,False,False,False,False,True,False,Valid
Vistara|UK155|MAA|HYD|2026-04-19 14:34:41.703,UK155,Vistara,MAA,HYD,MAA → HYD,2026-04-19 14:34:41.703,2026-04-19 18:37:41.703,2026-04-19,243.0,243.0,243.0,0.0,False,False,False,False,False,False,False,False,False,False,False,False,False,True,False,Valid
SpiceJet|SJ173|CCU|HYD|2026-04-19 14:27:41.703,SJ173,SpiceJet,CCU,HYD,CCU → HYD,2026-04-19 14:27:41.703,2026-04-19 16:09:41.703,2026-04-19,102.0,102.0,102.0,0.0,False,False,False,False,False,False,False,False,False,False,False,False,False,True,False,Valid
Vistara|UK179|DEL|HYD|2026-04-19 14:25:41.703,UK179,Vistara,DEL,HYD,DEL → HYD,2026-04-19 14:25:41.703,2026-04-19 19:15:41.703,2026-04-19,290.0,290.0,290.0,0.0,False,False,False,False,False,False,False,False,False,False,False,False,False,True,False,Valid
Vistara|UK221|CCU|DEL|2026-04-19 14:18:41.704,UK221,Vistara,CCU,DEL,CCU → DEL,2026-04-19 14:18:41.704,2026-04-19 18:44:41.704,2026-04-19,266.0,266.0,266.0,0.0,False,False,False,False,False,False,False,False,False,False,False,False,False,True,False,Valid
Vistara|UK023|DEL|MAA|2026-04-19 14:15:41.701,UK023,Vistara,DEL,MAA,DEL → MAA,2026-04-19 14:15:41.701,2026-04-19 19:03:41.701,2026-04-19,288.0,288.0,288.0,0.0,False,False,False,False,False,False,False,False,False,False,False,False,False,True,False,Valid
SpiceJet|SJ107|BOM|MAA|2026-04-19 14:10:41.702,SJ107,SpiceJet,BOM,MAA,BOM → MAA,2026-04-19 14:10:41.702,2026-04-19 18:38:41.702,2026-04-19,268.0,268.0,268.0,0.0,False,False,False,False,False,False,False,False,False,False,False,False,False,True,False,Valid
Air India|AI073|BOM|BLR|2026-04-19 14:08:41.702,AI073,Air India,BOM,BLR,BOM → BLR,2026-04-19 14:08:41.702,2026-04-19 16:10:41.702,2026-04-19,122.0,122.0,122.0,0.0,False,False,False,False,False,False,False,False,False,False,False,False,False,True,False,Valid
SpiceJet|SJ187|MAA|BLR|2026-04-19 14:07:41.703,SJ187,SpiceJet,MAA,BLR,MAA → BLR,2026-04-19 14:07:41.703,2026-04-19 17:30:41.703,2026-04-19,203.0,203.0,203.0,0.0,False,False,False,False,False,False,False,False,False,False,False,False,False,True,False,Valid
Vistara|UK058|MAA|BOM|2026-04-19 13:46:41.701,UK058,Vistara,MAA,BOM,MAA → BOM,2026-04-19 13:46:41.701,2026-04-19 17:04:41.701,2026-04-19,198.0,198.0,198.0,0.0,False,False,False,False,False,False,False,False,False,False,False,False,False,True,False,Valid
SpiceJet|SJ063|MAA|BOM|2026-04-19 13:38:41.701,SJ063,SpiceJet,MAA,BOM,MAA → BOM,2026-04-19 13:38:41.701,2026-04-19 15:23:41.701,2026-04-19,105.0,105.0,105.0,0.0,False,False,False,False,False,False,False,False,False,False,False,False,False,True,False,Valid
SpiceJet|SJ062|BLR|HYD|2026-04-19 13:37:41.701,SJ062,SpiceJet,BLR,HYD,BLR → HYD,2026-04-19 13:37:41.701,2026-04-19 17:06:41.701,2026-04-19,209.0,209.0,209.0,0.0,False,False,False,False,False,False,False,False,False,False,False,False,False,True,False,Valid
Vistara|UK048|MAA|DEL|2026-04-19 13:36:41.701,UK048,Vistara,MAA,DEL,MAA → DEL,2026-04-19 13:36:41.701,2026-04-19 18:21:41.701,2026-04-19,285.0,285.0,285.0,0.0,False,False,False,False,False,False,False,False,False,False,False,False,False,True,False,Valid
Air India|AI181|MAA|HYD|2026-04-19 13:29:41.703,AI181,Air India,MAA,HYD,MAA → HYD,2026-04-19 13:29:41.703,2026-04-19 16:55:41.703,2026-04-19,206.0,206.0,206.0,0.0,False,False,False,False,False,False,False,False,False,False,False,False,False,True,False,Valid
Air India|AI003|BLR|HYD|2026-04-19 13:27:41.701,AI003,Air India,BLR,HYD,BLR → HYD,2026-04-19 13:27:41.701,2026-04-19 16:55:41.701,2026-04-19,208.0,208.0,208.0,0.0,False,False,False,False,False,False,False,False,False,False,False,False,False,True,False,Valid
IndiGo|6F041|MAA|BOM|2026-04-19 13:19:41.701,6F041,IndiGo,MAA,BOM,MAA → BOM,2026-04-19 13:19:41.701,2026-04-19 16:48:41.701,2026-04-19,209.0,209.0,209.0,0.0,False,False,False,False,False,False,False,False,False,False,False,False,False,True,False,Valid
IndiGo|6F175|MAA|CCU|2026-04-19 13:18:41.703,6F175,IndiGo,MAA,CCU,MAA → CCU,2026-04-19 13:18:41.703,2026-04-19 15:13:41.703,2026-04-19,115.0,115.0,115.0,0.0,False,False,False,False,False,False,False,False,False,False,False,False,False,True,False,Valid
IndiGo|6F013|BOM|CCU|2026-04-19 13:15:41.701,6F013,IndiGo,BOM,CCU,BOM → CCU,2026-04-19 13:15:41.701,2026-04-19 18:05:41.701,2026-04-19,290.0,290.0,290.0,0.0,False,False,False,False,False,False,False,False,False,False,False,False,False,True,False,Valid
SpiceJet|SJ040|BOM|CCU|2026-04-19 13:12:41.701,SJ040,SpiceJet,BOM,CCU,BOM → CCU,2026-04-19 13:12:41.701,2026-04-19 16:44:41.701,2026-04-19,212.0,212.0,212.0,0.0,False,False,False,False,False,False,False,False,False,False,False,False,False,True,False,Valid
SpiceJet|SJ016|HYD|CCU|2026-04-19 13:01:41.701,SJ016,SpiceJet,HYD,CCU,HYD → CCU,2026-04-19 13:01:41.701,2026-04-19 16:26:41.701,2026-04-19,205.0,205.0,205.0,0.0,False,False,False,False,False,False,False,False,False,False,False,False,False,True,False,Valid
IndiGo|6F135|MAA|HYD|2026-04-19 12:59:41.702,6F135,IndiGo,MAA,HYD,MAA → HYD,2026-04-19 12:59:41.702,2026-04-19 13:45:41.702,2026-04-19,46.0,46.0,46.0,0.0,False,False,False,False,False,False,False,False,False,False,False,False,False,True,False,Valid
IndiGo|6F150|HYD|MAA|2026-04-19 12:55:41.703,6F150,IndiGo,HYD,MAA,HYD → MAA,2026-04-19 12:55:41.703,2026-04-19 16:53:41.703,2026-04-19,238.0,238.0,238.0,0.0,False,False,False,False,False,False,False,False,False,False,False,False,False,True,False,Valid
Air India|AI083|DEL|BOM|2026-04-19 12:54:41.702,AI083,Air India,DEL,BOM,DEL → BOM,2026-04-19 12:54:41.702,2026-04-19 13:37:41.702,2026-04-19,43.0,43.0,43.0,0.0,False,False,False,False,False,False,False,False,False,False,False,False,False,True,False,Valid
SpiceJet|SJ166|CCU|HYD|2026-04-19 12:51:41.703,SJ166,SpiceJet,CCU,HYD,CCU → HYD,2026-04-19 12:51:41.703,2026-04-19 16:18:41.703,2026-04-19,207.0,207.0,207.0,0.0,False,False,False,False,False,False,False,False,False,False,False,False,False,True,False,Valid
SpiceJet|SJ027|BOM|MAA|2026-04-19 12:50:41.701,SJ027,SpiceJet,BOM,MAA,BOM → MAA,2026-04-19 12:50:41.701,2026-04-19 17:13:41.701,2026-04-19,263.0,263.0,263.0,0.0,False,False,False,False,False,False,False,False,False,False,False,False,False,True,False,Valid
IndiGo|6F134|BLR|MAA|2026-04-19 12:47:41.702,6F134,IndiGo,BLR,MAA,BLR → MAA,2026-04-19 12:47:41.702,2026-04-19 14:06:41.702,2026-04-19,79.0,79.0,79.0,0.0,False,False,False,False,False,False,False,False,False,False,False,False,False,True,False,Valid
Vistara|UK225|MAA|BLR|2026-04-19 12:46:41.704,UK225,Vistara,MAA,BLR,MAA → BLR,2026-04-19 12:46:41.704,2026-04-19 15:02:41.704,2026-04-19,136.0,136.0,136.0,0.0,False,False,False,False,False,False,False,False,False,False,False,False,False,True,False,Valid
SpiceJet|SJ175|MAA|BLR|2026-04-19 12:46:41.703,SJ175,SpiceJet,MAA,BLR,MAA → BLR,2026-04-19 12:46:41.703,2026-04-19 16:50:41.703,2026-04-19,244.0,244.0,244.0,0.0,False,False,False,False,False,False,False,False,False,False,False,False,False,True,False,Valid
Air India|AI182|HYD|DEL|2026-04-19 12:41:41.703,AI182,Air India,HYD,DEL,HYD → DEL,2026-04-19 12:41:41.703,2026-04-19 17:14:41.703,2026-04-19,273.0,273.0,273.0,0.0,False,False,False,False,False,False,False,False,False,False,False,False,False,True,False,Valid
Air India|AI190|BOM|CCU|2026-04-19 12:38:41.703,AI190,Air India,BOM,CCU,BOM → CCU,2026-04-19 12:38:41.703,2026-04-19 15:56:41.703,2026-04-19,198.0,198.0,198.0,0.0,False,False,False,False,False,False,False,False,False,False,False,False,False,True,False,Valid
Air India|AI120|MAA|CCU|2026-04-19 12:12:41.702,AI120,Air India,MAA,CCU,MAA → CCU,2026-04-19 12:12:41.702,2026-04-19 14:18:41.702,2026-04-19,126.0,126.0,126.0,0.0,False,False,False,False,False,False,False,False,False,False,False,False,False,True,False,Valid
IndiGo|6F132|MAA|BOM|2026-04-19 12:00:41.702,6F132,IndiGo,MAA,BOM,MAA → BOM,2026-04-19 12:00:41.702,2026-04-19 13:00:42.000,2026-04-19,60.00496666666666,60.00496666666666,60.00496666666666,0.0,False,False,False,False,False,False,False,False,False,False,False,False,False,True,False,Valid
Vistara|UK102|HYD|CCU|2026-04-19 11:58:41.702,UK102,Vistara,HYD,CCU,HYD → CCU,2026-04-19 11:58:41.702,2026-04-19 14:01:41.702,2026-04-19,123.0,123.0,123.0,0.0,False,False,False,False,False,False,False,False,False,False,False,False,False,True,False,Valid
Air India|AI045|HYD|MAA|2026-04-19 11:58:41.701,AI045,Air India,HYD,MAA,HYD → MAA,2026-04-19 11:58:41.701,2026-04-19 14:37:41.701,2026-04-19,159.0,159.0,159.0,0.0,False,False,False,False,False,False,False,False,False,False,False,False,False,True,False,Valid
Vistara|UK136|HYD|CCU|2026-04-19 11:43:41.703,UK136,Vistara,HYD,CCU,HYD → CCU,2026-04-19 11:43:41.703,2026-04-19 15:26:41.703,2026-04-19,223.0,223.0,223.0,0.0,False,False,False,False,False,False,False,False,False,False,False,False,False,True,False,Valid
SpiceJet|SJ238|MAA|BLR|2026-04-19 11:41:41.704,SJ238,SpiceJet,MAA,BLR,MAA → BLR,2026-04-19 11:41:41.704,2026-04-19 15:39:41.704,2026-04-19,238.0,238.0,238.0,0.0,False,False,False,False,False,False,False,False,False,False,False,False,False,True,False,Valid
Air India|AI193|MAA|HYD|2026-04-19 11:33:41.703,AI193,Air India,MAA,HYD,MAA → HYD,2026-04-19 11:33:41.703,2026-04-19 16:07:41.703,2026-04-19,274.0,274.0,274.0,0.0,False,False,False,False,False,False,False,False,False,False,False,False,False,True,False,Valid
IndiGo|6F001|HYD|BOM|2026-04-19 11:33:41.700,6F001,IndiGo,HYD,BOM,HYD → BOM,2026-04-19 11:33:41.700,2026-04-19 13:08:41.700,2026-04-19,95.0,95.0,95.0,0.0,False,False,False,False,False,False,False,False,False,False,False,False,False,True,False,Valid
IndiGo|6F211|MAA|BLR|2026-04-19 11:29:41.703,6F211,IndiGo,MAA,BLR,MAA → BLR,2026-04-19 11:29:41.703,2026-04-19 16:20:41.703,2026-04-19,291.0,291.0,291.0,0.0,False,False,False,False,False,False,False,False,False,False,False,False,False,True,False,Valid
SpiceJet|SJ199|HYD|BOM|2026-04-19 11:29:41.703,SJ199,SpiceJet,HYD,BOM,HYD → BOM,2026-04-19 11:29:41.703,2026-04-19 13:59:41.703,2026-04-19,150.0,150.0,150.0,0.0,False,False,False,False,False,False,False,False,False,False,False,False,False,True,False,Valid
SpiceJet|SJ050|HYD|CCU|2026-04-19 11:24:41.701,SJ050,SpiceJet,HYD,CCU,HYD → CCU,2026-04-19 11:24:41.701,2026-04-19 12:03:41.701,2026-04-19,39.0,39.0,39.0,0.0,False,False,False,False,False,False,False,False,False,False,False,False,False,True,False,Valid
Vistara|UK115|BLR|BOM|2026-04-19 11:20:41.702,UK115,Vistara,BLR,BOM,BLR → BOM,2026-04-19 11:20:41.702,2026-04-19 13:20:42.000,2026-04-19,120.00496666666666,120.00496666666666,120.00496666666666,0.0,False,False,False,False,False,False,False,False,False,False,False,False,False,True,False,Valid
Air India|AI037|BOM|BLR|2026-04-19 11:14:41.701,AI037,Air India,BOM,BLR,BOM → BLR,2026-04-19 11:14:41.701,2026-04-19 15:13:41.701,2026-04-19,239.0,239.0,239.0,0.0,False,False,False,False,False,False,False,False,False,False,False,False,False,True,False,Valid
IndiGo|6F235|HYD|MAA|2026-04-19 11:06:41.704,6F235,IndiGo,HYD,MAA,HYD → MAA,2026-04-19 11:06:41.704,2026-04-19 13:51:41.704,2026-04-19,165.0,165.0,165.0,0.0,False,False,False,False,False,False,False,False,False,False,False,False,False,True,False,Valid
Vistara|UK111|MAA|BLR|2026-04-19 11:06:41.702,UK111,Vistara,MAA,BLR,MAA → BLR,2026-04-19 11:06:41.702,2026-04-19 12:20:41.702,2026-04-19,74.0,74.0,74.0,0.0,False,False,False,False,False,False,False,False,False,False,False,False,False,True,False,Valid
IndiGo|6F005|BOM|MAA|2026-04-19 11:04:41.701,6F005,IndiGo,BOM,MAA,BOM → MAA,2026-04-19 11:04:41.701,2026-04-19 15:27:41.701,2026-04-19,263.0,263.0,263.0,0.0,False,False,False,False,False,False,False,False,False,False,False,False,False,True,False,Valid
Air India|AI198|CCU|MAA|2026-04-19 10:56:41.703,AI198,Air India,CCU,MAA,CCU → MAA,2026-04-19 10:56:41.703,2026-04-19 14:19:41.703,2026-04-19,203.0,203.0,203.0,0.0,False,False,False,False,False,False,False,False,False,False,False,False,False,True,False,Valid
Vistara|UK184|MAA|HYD|2026-04-19 10:49:41.703,UK184,Vistara,MAA,HYD,MAA → HYD,2026-04-19 10:49:41.703,2026-04-19 13:00:41.703,2026-04-19,131.0,131.0,131.0,0.0,False,False,False,False,False,False,False,False,False,False,False,False,False,True,False,Valid
IndiGo|6F219|MAA|DEL|2026-04-19 10:32:41.704,6F219,IndiGo,MAA,DEL,MAA → DEL,2026-04-19 10:32:41.704,2026-04-19 14:37:41.704,2026-04-19,245.0,245.0,245.0,0.0,False,False,False,False,False,False,False,False,False,False,False,False,False,True,False,Valid
Vistara|UK066|BOM|CCU|2026-04-19 10:29:41.701,UK066,Vistara,BOM,CCU,BOM → CCU,2026-04-19 10:29:41.701,2026-04-19 12:07:41.701,2026-04-19,98.0,98.0,98.0,0.0,False,False,False,False,False,False,False,False,False,False,False,False,False,True,False,Valid
IndiGo|6F220|HYD|BOM|2026-04-19 10:27:41.704,6F220,IndiGo,HYD,BOM,HYD → BOM,2026-04-19 10:27:41.704,2026-04-19 11:25:41.704,2026-04-19,58.0,58.0,58.0,0.0,False,False,False,False,False,False,False,False,False,False,False,False,False,True,False,Valid
Air India|AI180|BOM|CCU|2026-04-19 10:19:41.703,AI180,Air India,BOM,CCU,BOM → CCU,2026-04-19 10:19:41.703,2026-04-19 11:00:41.703,2026-04-19,41.0,41.0,41.0,0.0,False,False,False,False,False,False,False,False,False,False,False,False,False,True,False,Valid
IndiGo|6F098|BLR|MAA|2026-04-19 10:18:41.702,6F098,IndiGo,BLR,MAA,BLR → MAA,2026-04-19 10:18:41.702,2026-04-19 12:49:41.702,2026-04-19,151.0,151.0,151.0,0.0,False,False,False,False,False,False,False,False,False,False,False,False,False,True,False,Valid
Air India|AI141|BLR|DEL|2026-04-19 10:16:41.702,AI141,Air India,BLR,DEL,BLR → DEL,2026-04-19 10:16:41.702,2026-04-19 14:53:41.702,2026-04-19,277.0,277.0,277.0,0.0,False,False,False,False,False,False,False,False,False,False,False,False,False,True,False,Valid
SpiceJet|SJ170|BLR|BOM|2026-04-19 10:11:41.703,SJ170,SpiceJet,BLR,BOM,BLR → BOM,2026-04-19 10:11:41.703,2026-04-19 11:56:41.703,2026-04-19,105.0,105.0,105.0,0.0,False,False,False,False,False,False,False,False,False,False,False,False,False,True,False,Valid
SpiceJet|SJ178|BOM|HYD|2026-04-19 09:58:41.703,SJ178,SpiceJet,BOM,HYD,BOM → HYD,2026-04-19 09:58:41.703,2026-04-19 12:27:41.703,2026-04-19,149.0,149.0,149.0,0.0,False,False,False,False,False,False,False,False,False,False,False,False,False,True,False,Valid
IndiGo|6F172|BOM|BLR|2026-04-19 09:53:41.703,6F172,IndiGo,BOM,BLR,BOM → BLR,2026-04-19 09:53:41.703,2026-04-19 14:46:41.703,2026-04-19,293.0,293.0,293.0,0.0,False,False,False,False,False,False,False,False,False,False,False,False,False,True,False,Valid
Vistara|UK220|BLR|BOM|2026-04-19 09:51:41.704,UK220,Vistara,BLR,BOM,BLR → BOM,2026-04-19 09:51:41.704,2026-04-19 13:25:41.704,2026-04-19,214.0,214.0,214.0,0.0,False,False,False,False,False,False,False,False,False,False,False,False,False,True,False,Valid
SpiceJet|SJ148|DEL|BLR|2026-04-19 09:51:41.702,SJ148,SpiceJet,DEL,BLR,DEL → BLR,2026-04-19 09:51:41.702,2026-04-19 13:41:41.702,2026-04-19,230.0,230.0,230.0,0.0,False,False,False,False,False,False,False,False,False,False,False,False,False,True,False,Valid
Vistara|UK065|BOM|CCU|2026-04-19 09:38:41.701,UK065,Vistara,BOM,CCU,BOM → CCU,2026-04-19 09:38:41.701,2026-04-19 13:46:41.701,2026-04-19,248.0,248.0,248.0,0.0,False,False,False,False,False,False,False,False,False,False,False,False,False,True,False,Valid
IndiGo|6F243|BOM|HYD|2026-04-19 09:37:41.704,6F243,IndiGo,BOM,HYD,BOM → HYD,2026-04-19 09:37:41.704,2026-04-19 10:33:41.704,2026-04-19,56.0,56.0,56.0,0.0,False,False,False,False,False,False,False,False,False,False,False,False,False,True,False,Valid
SpiceJet|SJ193|CCU|DEL|2026-04-19 09:37:41.703,SJ193,SpiceJet,CCU,DEL,CCU → DEL,2026-04-19 09:37:41.703,2026-04-19 12:16:41.703,2026-04-19,159.0,159.0,159.0,0.0,False,False,False,False,False,False,False,False,False,False,False,False,False,True,False,Valid
Vistara|UK056|HYD|MAA|2026-04-19 09:29:41.701,UK056,Vistara,HYD,MAA,HYD → MAA,2026-04-19 09:29:41.701,2026-04-19 10:15:41.701,2026-04-19,46.0,46.0,46.0,0.0,False,False,False,False,False,False,False,False,False,False,False,False,False,True,False,Valid
Air India|AI219|BLR|DEL|2026-04-19 09:28:41.703,AI219,Air India,BLR,DEL,BLR → DEL,2026-04-19 09:28:41.703,2026-04-19 11:27:41.703,2026-04-19,119.0,119.0,119.0,0.0,False,False,False,False,False,False,False,False,False,False,False,False,False,True,False,Valid
SpiceJet|SJ073|CCU|BLR|2026-04-19 09:26:41.701,SJ073,SpiceJet,CCU,BLR,CCU → BLR,2026-04-19 09:26:41.701,2026-04-19 11:14:41.701,2026-04-19,108.0,108.0,108.0,0.0,False,False,False,False,False,False,False,False,False,False,False,False,False,True,False,Valid
IndiGo|6F052|BOM|CCU|2026-04-19 09:13:41.701,6F052,IndiGo,BOM,CCU,BOM → CCU,2026-04-19 09:13:41.701,2026-04-19 12:02:41.701,2026-04-19,169.0,169.0,169.0,0.0,False,False,False,False,False,False,False,False,False,False,False,False,False,True,False,Valid
SpiceJet|SJ201|BLR|DEL|2026-04-19 09:10:41.703,SJ201,SpiceJet,BLR,DEL,BLR → DEL,2026-04-19 09:10:41.703,2026-04-19 11:12:41.703,2026-04-19,122.0,122.0,122.0,0.0,False,False,False,False,False,False,False,False,False,False,False,False,False,True,False,Valid
Vistara|UK028|HYD|MAA|2026-04-19 09:02:41.701,UK028,Vistara,HYD,MAA,HYD → MAA,2026-04-19 09:02:41.701,2026-04-19 10:37:41.701,2026-04-19,95.0,95.0,95.0,0.0,False,False,False,False,False,False,False,False,False,False,False,False,False,True,False,Valid
SpiceJet|SJ119|BOM|CCU|2026-04-19 08:53:41.702,SJ119,SpiceJet,BOM,CCU,BOM → CCU,2026-04-19 08:53:41.702,2026-04-19 11:29:41.702,2026-04-19,156.0,156.0,156.0,0.0,False,False,False,False,False,False,False,False,False,False,False,False,False,True,False,Valid
Air India|AI165|DEL|CCU|2026-04-19 08:51:41.703,AI165,Air India,DEL,CCU,DEL → CCU,2026-04-19 08:51:41.703,2026-04-19 10:31:41.703,2026-04-19,100.0,100.0,100.0,0.0,False,False,False,False,False,False,False,False,False,False,False,False,False,True,False,Valid
Air India|AI255|MAA|CCU|2026-04-19 08:45:41.704,AI255,Air India,MAA,CCU,MAA → CCU,2026-04-19 08:45:41.704,2026-04-19 13:12:41.704,2026-04-19,267.0,267.0,267.0,0.0,False,False,False,False,False,False,False,False,False,False,False,False,False,True,False,Valid
Air India|AI202|HYD|BLR|2026-04-19 08:44:41.703,AI202,Air India,HYD,BLR,HYD → BLR,2026-04-19 08:44:41.703,2026-04-19 10:53:41.703,2026-04-19,129.0,129.0,129.0,0.0,False,False,False,False,False,False,False,False,False,False,False,False,False,True,False,Valid
SpiceJet|SJ039|MAA|BOM|2026-04-19 08:41:41.701,SJ039,SpiceJet,MAA,BOM,MAA → BOM,2026-04-19 08:41:41.701,2026-04-19 12:08:41.701,2026-04-19,207.0,207.0,207.0,0.0,False,False,False,False,False,False,False,False,False,False,False,False,False,True,False,Valid
SpiceJet|SJ051|BOM|BLR|2026-04-19 08:40:41.701,SJ051,SpiceJet,BOM,BLR,BOM → BLR,2026-04-19 08:40:41.701,2026-04-19 12:18:41.701,2026-04-19,218.0,218.0,218.0,0.0,False,False,False,False,False,False,False,False,False,False,False,False,False,True,False,Valid
Vistara|UK024|MAA|BLR|2026-04-19 08:29:41.701,UK024,Vistara,MAA,BLR,MAA → BLR,2026-04-19 08:29:41.701,2026-04-19 13:29:41.701,2026-04-19,300.0,300.0,300.0,0.0,False,False,False,False,False,False,False,False,False,False,False,False,False,True,False,Valid
SpiceJet|SJ006|HYD|BLR|2026-04-19 08:25:41.701,SJ006,SpiceJet,HYD,BLR,HYD → BLR,2026-04-19 08:25:41.701,2026-04-19 08:57:41.701,2026-04-19,32.0,32.0,32.0,0.0,False,False,False,False,False,False,False,False,False,False,False,False,False,True,False,Valid
Air India|AI207|BOM|MAA|2026-04-19 08:24:41.703,AI207,Air India,BOM,MAA,BOM → MAA,2026-04-19 08:24:41.703,2026-04-19 11:23:41.703,2026-04-19,179.0,179.0,179.0,0.0,False,False,False,False,False,False,False,False,False,False,False,False,False,True,False,Valid
SpiceJet|SJ168|CCU|BOM|2026-04-19 08:17:41.703,SJ168,SpiceJet,CCU,BOM,CCU → BOM,2026-04-19 08:17:41.703,2026-04-19 12:29:41.703,2026-04-19,252.0,252.0,252.0,0.0,False,False,False,False,False,False,False,False,False,False,False,False,False,True,False,Valid
Air India|AI028|HYD|BOM|2026-04-19 07:53:41.701,AI028,Air India,HYD,BOM,HYD → BOM,2026-04-19 07:53:41.701,2026-04-19 08:35:41.701,2026-04-19,42.0,42.0,42.0,0.0,False,False,False,False,False,False,False,False,False,False,False,False,False,True,False,Valid
IndiGo|6F094|BLR|BOM|2026-04-19 07:37:41.702,6F094,IndiGo,BLR,BOM,BLR → BOM,2026-04-19 07:37:41.702,2026-04-19 09:06:41.702,2026-04-19,89.0,89.0,89.0,0.0,False,False,False,False,False,False,False,False,False,False,False,False,False,True,False,Valid
IndiGo|6F024|BOM|DEL|2026-04-19 07:31:41.701,6F024,IndiGo,BOM,DEL,BOM → DEL,2026-04-19 07:31:41.701,2026-04-19 11:17:41.701,2026-04-19,226.0,226.0,226.0,0.0,False,False,False,False,False,False,False,False,False,False,False,False,False,True,False,Valid
IndiGo|6F061|MAA|BOM|2026-04-19 07:28:41.701,6F061,IndiGo,MAA,BOM,MAA → BOM,2026-04-19 07:28:41.701,2026-04-19 08:09:41.701,2026-04-19,41.0,41.0,41.0,0.0,False,False,False,False,False,False,False,False,False,False,False,False,False,True,False,Valid
Air India|AI032|MAA|BLR|2026-04-19 07:26:41.701,AI032,Air India,MAA,BLR,MAA → BLR,2026-04-19 07:26:41.701,2026-04-19 09:26:42.000,2026-04-19,120.00498333333333,120.00498333333333,120.00498333333333,0.0,False,False,False,False,False,False,False,False,False,False,False,False,False,True,False,Valid
Vistara|UK163|DEL|HYD|2026-04-19 07:22:41.703,UK163,Vistara,DEL,HYD,DEL → HYD,2026-04-19 07:22:41.703,2026-04-19 09:04:41.703,2026-04-19,102.0,102.0,102.0,0.0,False,False,False,False,False,False,False,False,False,False,False,False,False,True,False,Valid
SpiceJet|SJ067|MAA|BLR|2026-04-19 07:17:41.701,SJ067,SpiceJet,MAA,BLR,MAA → BLR,2026-04-19 07:17:41.701,2026-04-19 08:16:41.701,2026-04-19,59.0,59.0,59.0,0.0,False,False,False,False,False,False,False,False,False,False,False,False,False,True,False,Valid
SpiceJet|SJ106|CCU|DEL|2026-04-19 07:16:41.702,SJ106,SpiceJet,CCU,DEL,CCU → DEL,2026-04-19 07:16:41.702,2026-04-19 09:40:41.702,2026-04-19,144.0,144.0,144.0,0.0,False,False,False,False,False,False,False,False,False,False,False,False,False,True,False,Valid
Air India|AI086|CCU|HYD|2026-04-19 07:13:41.702,AI086,Air India,CCU,HYD,CCU → HYD,2026-04-19 07:13:41.702,2026-04-19 10:09:41.702,2026-04-19,176.0,176.0,176.0,0.0,False,False,False,False,False,False,False,False,False,False,False,False,False,True,False,Valid
IndiGo|6F263|DEL|HYD|2026-04-19 07:07:41.703,6F263,IndiGo,DEL,HYD,DEL → HYD,2026-04-19 07:07:41.703,2026-04-19 08:30:41.703,2026-04-19,83.0,83.0,83.0,0.0,False,False,False,False,False,False,False,False,False,False,False,False,False,True,False,Valid
IndiGo|6F163|MAA|BOM|2026-04-19 06:49:41.703,6F163,IndiGo,MAA,BOM,MAA → BOM,2026-04-19 06:49:41.703,2026-04-19 10:46:41.703,2026-04-19,237.0,237.0,237.0,0.0,False,False,False,False,False,False,False,False,False,False,False,False,False,True,False,Valid
SpiceJet|SJ064|CCU|DEL|2026-04-19 06:29:41.701,SJ064,SpiceJet,CCU,DEL,CCU → DEL,2026-04-19 06:29:41.701,2026-04-19 08:43:41.701,2026-04-19,134.0,134.0,134.0,0.0,False,False,False,False,False,False,False,False,False,False,False,False,False,True,False,Valid
Vistara|UK118|HYD|BLR|2026-04-19 06:22:41.702,UK118,Vistara,HYD,BLR,HYD → BLR,2026-04-19 06:22:41.702,2026-04-19 07:22:42.000,2026-04-19,60.00496666666666,60.00496666666666,60.00496666666666,0.0,False,False,False,False,False,False,False,False,False,False,False,False,False,True,False,Valid
Vistara|UK022|DEL|HYD|2026-04-19 06:22:41.701,UK022,Vistara,DEL,HYD,DEL → HYD,2026-04-19 06:22:41.701,2026-04-19 10:59:41.701,2026-04-19,277.0,277.0,277.0,0.0,False,False,False,False,False,False,False,False,False,False,False,False,False,True,False,Valid
Vistara|UK099|BOM|MAA|2026-04-19 06:16:41.702,UK099,Vistara,BOM,MAA,BOM → MAA,2026-04-19 06:16:41.702,2026-04-19 10:24:41.702,2026-04-19,248.0,248.0,248.0,0.0,False,False,False,False,False,False,False,False,False,False,False,False,False,True,False,Valid
IndiGo|6F212|BLR|CCU|2026-04-19 06:10:41.703,6F212,IndiGo,BLR,CCU,BLR → CCU,2026-04-19 06:10:41.703,2026-04-19 10:52:41.703,2026-04-19,282.0,282.0,282.0,0.0,False,False,False,False,False,False,False,False,False,False,False,False,False,True,False,Valid
Air India|AI023|HYD|BLR|2026-04-19 06:10:41.701,AI023,Air India,HYD,BLR,HYD → BLR,2026-04-19 06:10:41.701,2026-04-19 09:35:41.701,2026-04-19,205.0,205.0,205.0,0.0,False,False,False,False,False,False,False,False,False,False,False,False,False,True,False,Valid
SpiceJet|SJ245|BOM|DEL|2026-04-19 06:07:41.704,SJ245,SpiceJet,BOM,DEL,BOM → DEL,2026-04-19 06:07:41.704,2026-04-19 09:39:41.704,2026-04-19,212.0,212.0,212.0,0.0,False,False,False,False,False,False,False,False,False,False,False,False,False,True,False,Valid
IndiGo|6F066|BLR|HYD|2026-04-19 06:07:41.701,6F066,IndiGo,BLR,HYD,BLR → HYD,2026-04-19 06:07:41.701,2026-04-19 07:43:41.701,2026-04-19,96.0,96.0,96.0,0.0,False,False,False,False,False,False,False,False,False,False,False,False,False,True,False,Valid
Air India|AI138|DEL|CCU|2026-04-19 05:50:41.702,AI138,Air India,DEL,CCU,DEL → CCU,2026-04-19 05:50:41.702,2026-04-19 06:40:41.702,2026-04-19,50.0,50.0,50.0,0.0,False,False,False,False,False,False,False,False,False,False,False,False,False,True,False,Valid
SpiceJet|SJ021|HYD|BLR|2026-04-19 05:48:41.701,SJ021,SpiceJet,HYD,BLR,HYD → BLR,2026-04-19 05:48:41.701,2026-04-19 09:46:41.701,2026-04-19,238.0,238.0,238.0,0.0,False,False,False,False,False,False,False,False,False,False,False,False,False,True,False,Valid
SpiceJet|SJ136|HYD|BLR|2026-04-19 05:45:41.702,SJ136,SpiceJet,HYD,BLR,HYD → BLR,2026-04-19 05:45:41.702,2026-04-19 08:04:41.702,2026-04-19,139.0,139.0,139.0,0.0,False,False,False,False,False,False,False,False,False,False,False,False,False,True,False,Valid
Air India|AI148|HYD|MAA|2026-04-19 05:41:41.703,AI148,Air India,HYD,MAA,HYD → MAA,2026-04-19 05:41:41.703,2026-04-19 08:32:41.703,2026-04-19,171.0,171.0,171.0,0.0,False,False,False,False,False,False,False,False,False,False,False,False,False,True,False,Valid
SpiceJet|SJ014|BOM|HYD|2026-04-19 05:40:41.701,SJ014,SpiceJet,BOM,HYD,BOM → HYD,2026-04-19 05:40:41.701,2026-04-19 06:39:41.701,2026-04-19,59.0,59.0,59.0,0.0,False,False,False,False,False,False,False,False,False,False,False,False,False,True,False,Valid
IndiGo|6F104|CCU|BOM|2026-04-19 05:39:41.702,6F104,IndiGo,CCU,BOM,CCU → BOM,2026-04-19 05:39:41.702,2026-04-19 06:14:41.702,2026-04-19,35.0,35.0,35.0,0.0,False,False,False,False,False,False,False,False,False,False,False,False,False,True,False,Valid
SpiceJet|SJ121|CCU|DEL|2026-04-19 05:32:41.702,SJ121,SpiceJet,CCU,DEL,CCU → DEL,2026-04-19 05:32:41.702,2026-04-19 06:47:41.702,2026-04-19,75.0,75.0,75.0,0.0,False,False,False,False,False,False,False,False,False,False,False,False,False,True,False,Valid
Vistara|UK174|CCU|DEL|2026-04-19 05:27:41.703,UK174,Vistara,CCU,DEL,CCU → DEL,2026-04-19 05:27:41.703,2026-04-19 07:47:41.703,2026-04-19,140.0,140.0,140.0,0.0,False,False,False,False,False,False,False,False,False,False,False,False,False,True,False,Valid
Air India|AI033|MAA|CCU|2026-04-19 05:25:41.701,AI033,Air India,MAA,CCU,MAA → CCU,2026-04-19 05:25:41.701,2026-04-19 10:21:41.701,2026-04-19,296.0,296.0,296.0,0.0,False,False,False,False,False,False,False,False,False,False,False,False,False,True,False,Valid
SpiceJet|SJ122|CCU|BOM|2026-04-19 05:22:41.702,SJ122,SpiceJet,CCU,BOM,CCU → BOM,2026-04-19 05:22:41.702,2026-04-19 10:09:41.702,2026-04-19,287.0,287.0,287.0,0.0,False,False,False,False,False,False,False,False,False,False,False,False,False,True,False,Valid
Vistara|UK095|BOM|MAA|2026-04-19 05:22:41.702,UK095,Vistara,BOM,MAA,BOM → MAA,2026-04-19 05:22:41.702,2026-04-19 07:36:41.702,2026-04-19,134.0,134.0,134.0,0.0,False,False,False,False,False,False,False,False,False,False,False,False,False,True,False,Valid
SpiceJet|SJ026|CCU|MAA|2026-04-19 05:22:41.701,SJ026,SpiceJet,CCU,MAA,CCU → MAA,2026-04-19 05:22:41.701,2026-04-19 09:40:41.701,2026-04-19,258.0,258.0,258.0,0.0,False,False,False,False,False,False,False,False,False,False,False,False,False,True,False,Valid
IndiGo|6F221|MAA|DEL|2026-04-19 05:20:41.704,6F221,IndiGo,MAA,DEL,MAA → DEL,2026-04-19 05:20:41.704,2026-04-19 08:52:41.704,2026-04-19,212.0,212.0,212.0,0.0,False,False,False,False,False,False,False,False,False,False,False,False,False,True,False,Valid
SpiceJet|SJ103|MAA|BLR|2026-04-19 05:16:41.702,SJ103,SpiceJet,MAA,BLR,MAA → BLR,2026-04-19 05:16:41.702,2026-04-19 08:56:41.702,2026-04-19,220.0,220.0,220.0,0.0,False,False,False,False,False,False,False,False,False,False,False,False,False,True,False,Valid
SpiceJet|SJ011|BOM|MAA|2026-04-19 05:14:41.701,SJ011,SpiceJet,BOM,MAA,BOM → MAA,2026-04-19 05:14:41.701,2026-04-19 09:59:41.701,2026-04-19,285.0,285.0,285.0,0.0,False,False,False,False,False,False,False,False,False,False,False,False,False,True,False,Valid
Air India|AI002|HYD|BLR|2026-04-19 05:12:41.700,AI002,Air India,HYD,BLR,HYD → BLR,2026-04-19 05:12:41.700,2026-04-19 07:12:41.700,2026-04-19,120.0,120.0,120.0,0.0,False,False,False,False,False,False,False,False,False,False,False,False,False,True,False,Valid
Air India|AI046|DEL|BOM|2026-04-19 05:09:41.701,AI046,Air India,DEL,BOM,DEL → BOM,2026-04-19 05:09:41.701,2026-04-19 08:00:41.701,2026-04-19,171.0,171.0,171.0,0.0,False,False,False,False,False,False,False,False,False,False,False,False,False,True,False,Valid
SpiceJet|SJ053|CCU|DEL|2026-04-19 05:00:41.701,SJ053,SpiceJet,CCU,DEL,CCU → DEL,2026-04-19 05:00:41.701,2026-04-19 06:38:41.701,2026-04-19,98.0,98.0,98.0,0.0,False,False,False,False,False,False,False,False,False,False,False,False,False,True,False,Valid
Air India|AI236|DEL|BOM|2026-04-19 04:52:41.704,AI236,Air India,DEL,BOM,DEL → BOM,2026-04-19 04:52:41.704,2026-04-19 09:11:41.704,2026-04-19,259.0,259.0,259.0,0.0,False,False,False,False,False,False,False,False,False,False,False,False,False,True,False,Valid
Air India|AI254|CCU|HYD|2026-04-19 04:46:41.704,AI254,Air India,CCU,HYD,CCU → HYD,2026-04-19 04:46:41.704,2026-04-19 08:06:41.704,2026-04-19,200.0,200.0,200.0,0.0,False,False,False,False,False,False,False,False,False,False,False,False,False,True,False,Valid
IndiGo|6F063|DEL|HYD|2026-04-19 04:42:41.701,6F063,IndiGo,DEL,HYD,DEL → HYD,2026-04-19 04:42:41.701,2026-04-19 07:31:41.701,2026-04-19,169.0,169.0,169.0,0.0,False,False,False,False,False,False,False,False,False,False,False,False,False,True,False,Valid
IndiGo|6F115|MAA|BLR|2026-04-19 04:41:41.702,6F115,IndiGo,MAA,BLR,MAA → BLR,2026-04-19 04:41:41.702,2026-04-19 06:23:41.702,2026-04-19,102.0,102.0,102.0,0.0,False,False,False,False,False,False,False,False,False,False,False,False,False,True,False,Valid
Vistara|UK070|BOM|DEL|2026-04-19 04:36:41.701,UK070,Vistara,BOM,DEL,BOM → DEL,2026-04-19 04:36:41.701,2026-04-19 06:49:41.701,2026-04-19,133.0,133.0,133.0,0.0,False,False,False,False,False,False,False,False,False,False,False,False,False,True,False,Valid
SpiceJet|SJ147|BLR|CCU|2026-04-19 04:30:41.702,SJ147,SpiceJet,BLR,CCU,BLR → CCU,2026-04-19 04:30:41.702,2026-04-19 08:52:41.702,2026-04-19,262.0,262.0,262.0,0.0,False,False,False,False,False,False,False,False,False,False,False,False,False,True,False,Valid
Vistara|UK201|HYD|BOM|2026-04-19 04:29:41.703,UK201,Vistara,HYD,BOM,HYD → BOM,2026-04-19 04:29:41.703,2026-04-19 06:42:41.703,2026-04-19,133.0,133.0,133.0,0.0,False,False,False,False,False,False,False,False,False,False,False,False,False,True,False,Valid
SpiceJet|SJ234|BLR|CCU|2026-04-19 04:20:41.704,SJ234,SpiceJet,BLR,CCU,BLR → CCU,2026-04-19 04:20:41.704,2026-04-19 06:23:41.704,2026-04-19,123.0,123.0,123.0,0.0,False,False,False,False,False,False,False,False,False,False,False,False,False,True,False,Valid
Air India|AI176|BLR|DEL|2026-04-19 04:20:41.703,AI176,Air India,BLR,DEL,BLR → DEL,2026-04-19 04:20:41.703,2026-04-19 06:25:41.703,2026-04-19,125.0,125.0,125.0,0.0,False,False,False,False,False,False,False,False,False,False,False,False,False,True,False,Valid
SpiceJet|SJ045|DEL|MAA|2026-04-19 04:16:41.701,SJ045,SpiceJet,DEL,MAA,DEL → MAA,2026-04-19 04:16:41.701,2026-04-19 09:03:41.701,2026-04-19,287.0,287.0,287.0,0.0,False,False,False,False,False,False,False,False,False,False,False,False,False,True,False,Valid
SpiceJet|SJ174|CCU|DEL|2026-04-19 04:09:41.703,SJ174,SpiceJet,CCU,DEL,CCU → DEL,2026-04-19 04:09:41.703,2026-04-19 05:04:41.703,2026-04-19,55.0,55.0,55.0,0.0,False,False,False,False,False,False,False,False,False,False,False,False,False,True,False,Valid
Air India|AI007|MAA|DEL|2026-04-19 04:01:41.701,AI007,Air India,MAA,DEL,MAA → DEL,2026-04-19 04:01:41.701,2026-04-19 06:01:42.000,2026-04-19,120.00498333333333,120.00498333333333,120.00498333333333,0.0,False,False,False,False,False,False,False,False,False,False,False,False,False,True,False,Valid
Air India|AI143|CCU|DEL|2026-04-19 03:58:41.702,AI143,Air India,CCU,DEL,CCU → DEL,2026-04-19 03:58:41.702,2026-04-19 04:36:41.702,2026-04-19,38.0,38.0,38.0,0.0,False,False,False,False,False,False,False,False,False,False,False,False,False,True,False,Valid
SpiceJet|SJ241|DEL|HYD|2026-04-19 03:57:41.704,SJ241,SpiceJet,DEL,HYD,DEL → HYD,2026-04-19 03:57:41.704,2026-04-19 06:36:41.704,2026-04-19,159.0,159.0,159.0,0.0,False,False,False,False,False,False,False,False,False,False,False,False,False,True,False,Valid
Air India|AI020|BOM|BLR|2026-04-19 03:53:41.701,AI020,Air India,BOM,BLR,BOM → BLR,2026-04-19 03:53:41.701,2026-04-19 06:21:41.701,2026-04-19,148.0,148.0,148.0,0.0,False,False,False,False,False,False,False,False,False,False,False,False,False,True,False,Valid
Vistara|UK031|CCU|DEL|2026-04-19 03:45:41.701,UK031,Vistara,CCU,DEL,CCU → DEL,2026-04-19 03:45:41.701,2026-04-19 07:20:41.701,2026-04-19,215.0,215.0,215.0,0.0,False,False,False,False,False,False,False,False,False,False,False,False,False,True,False,Valid
Air India|AI013|HYD|BLR|2026-04-19 03:41:41.701,AI013,Air India,HYD,BLR,HYD → BLR,2026-04-19 03:41:41.701,2026-04-19 04:58:41.701,2026-04-19,77.0,77.0,77.0,0.0,False,False,False,False,False,False,False,False,False,False,False,False,False,True,False,Valid
Air India|AI249|BLR|HYD|2026-04-19 03:38:41.704,AI249,Air India,BLR,HYD,BLR → HYD,2026-04-19 03:38:41.704,2026-04-19 06:27:41.704,2026-04-19,169.0,169.0,169.0,0.0,False,False,False,False,False,False,False,False,False,False,False,False,False,True,False,Valid
Vistara|UK046|CCU|DEL|2026-04-19 03:37:41.701,UK046,Vistara,CCU,DEL,CCU → DEL,2026-04-19 03:37:41.701,2026-04-19 06:05:41.701,2026-04-19,148.0,148.0,148.0,0.0,False,False,False,False,False,False,False,False,False,False,False,False,False,True,False,Valid
Vistara|UK168|BLR|CCU|2026-04-19 03:20:41.703,UK168,Vistara,BLR,CCU,BLR → CCU,2026-04-19 03:20:41.703,2026-04-19 04:09:41.703,2026-04-19,49.0,49.0,49.0,0.0,False,False,False,False,False,False,False,False,False,False,False,False,False,True,False,Valid
Air India|AI022|BOM|MAA|2026-04-19 03:15:41.701,AI022,Air India,BOM,MAA,BOM → MAA,2026-04-19 03:15:41.701,2026-04-19 05:10:41.701,2026-04-19,115.0,115.0,115.0,0.0,False,False,False,False,False,False,False,False,False,False,False,False,False,True,False,Valid
Vistara|UK218|MAA|BLR|2026-04-19 03:12:41.704,UK218,Vistara,MAA,BLR,MAA → BLR,2026-04-19 03:12:41.704,2026-04-19 07:22:41.704,2026-04-19,250.0,250.0,250.0,0.0,False,False,False,False,False,False,False,False,False,False,False,False,False,True,False,Valid
Vistara|UK142|BLR|DEL|2026-04-19 03:03:41.703,UK142,Vistara,BLR,DEL,BLR → DEL,2026-04-19 03:03:41.703,2026-04-19 07:13:41.703,2026-04-19,250.0,250.0,250.0,0.0,False,False,False,False,False,False,False,False,False,False,False,False,False,True,False,Valid
IndiGo|6F067|MAA|BLR|2026-04-19 02:59:41.701,6F067,IndiGo,MAA,BLR,MAA → BLR,2026-04-19 02:59:41.701,2026-04-19 06:02:41.701,2026-04-19,183.0,183.0,183.0,0.0,False,False,False,False,False,False,False,False,False,False,False,False,False,True,False,Valid
SpiceJet|SJ217|BOM|CCU|2026-04-19 02:57:41.703,SJ217,SpiceJet,BOM,CCU,BOM → CCU,2026-04-19 02:57:41.703,2026-04-19 06:04:41.703,2026-04-19,187.0,187.0,187.0,0.0,False,False,False,False,False,False,False,False,False,False,False,False,False,True,False,Valid
SpiceJet|SJ143|DEL|BOM|2026-04-19 02:55:41.702,SJ143,SpiceJet,DEL,BOM,DEL → BOM,2026-04-19 02:55:41.702,2026-04-19 03:52:41.702,2026-04-19,57.0,57.0,57.0,0.0,False,False,False,False,False,False,False,False,False,False,False,False,False,True,False,Valid
Air India|AI243|BLR|BOM|2026-04-19 02:50:41.704,AI243,Air India,BLR,BOM,BLR → BOM,2026-04-19 02:50:41.704,2026-04-19 05:09:41.704,2026-04-19,139.0,139.0,139.0,0.0,False,False,False,False,False,False,False,False,False,False,False,False,False,True,False,Valid
SpiceJet|SJ246|BOM|DEL|2026-04-19 02:47:41.704,SJ246,SpiceJet,BOM,DEL,BOM → DEL,2026-04-19 02:47:41.704,2026-04-19 03:47:42.000,2026-04-19,60.004933333333334,60.004933333333334,60.004933333333334,0.0,False,False,False,False,False,False,False,False,False,False,False,False,False,True,False,Valid
IndiGo|6F170|HYD|DEL|2026-04-19 02:44:41.703,6F170,IndiGo,HYD,DEL,HYD → DEL,2026-04-19 02:44:41.703,2026-04-19 04:14:41.703,2026-04-19,90.0,90.0,90.0,0.0,False,False,False,False,False,False,False,False,False,False,False,False,False,True,False,Valid
Vistara|UK157|CCU|BOM|2026-04-19 02:41:41.703,UK157,Vistara,CCU,BOM,CCU → BOM,2026-04-19 02:41:41.703,2026-04-19 03:41:42.000,2026-04-19,60.00495,60.00495,60.00495,0.0,False,False,False,False,False,False,False,False,False,False,False,False,False,True,False,Valid
Vistara|UK172|DEL|BOM|2026-04-19 02:20:41.703,UK172,Vistara,DEL,BOM,DEL → BOM,2026-04-19 02:20:41.703,2026-04-19 05:21:41.703,2026-04-19,181.0,181.0,181.0,0.0,False,False,False,False,False,False,False,False,False,False,False,False,False,True,False,Valid
SpiceJet|SJ139|DEL|BLR|2026-04-19 02:20:41.702,SJ139,SpiceJet,DEL,BLR,DEL → BLR,2026-04-19 02:20:41.702,2026-04-19 06:02:41.702,2026-04-19,222.0,222.0,222.0,0.0,False,False,False,False,False,False,False,False,False,False,False,False,False,True,False,Valid
Vistara|UK085|MAA|DEL|2026-04-19 02:15:41.702,UK085,Vistara,MAA,DEL,MAA → DEL,2026-04-19 02:15:41.702,2026-04-19 03:17:41.702,2026-04-19,62.0,62.0,62.0,0.0,False,False,False,False,False,False,False,False,False,False,False,False,False,True,False,Valid
IndiGo|6F079|MAA|HYD|2026-04-19 02:14:41.702,6F079,IndiGo,MAA,HYD,MAA → HYD,2026-04-19 02:14:41.702,2026-04-19 06:18:41.702,2026-04-19,244.0,244.0,244.0,0.0,False,False,False,False,False,False,False,False,False,False,False,False,False,True,False,Valid
SpiceJet|SJ032|MAA|BOM|2026-04-19 02:11:41.701,SJ032,SpiceJet,MAA,BOM,MAA → BOM,2026-04-19 02:11:41.701,2026-04-19 04:33:41.701,2026-04-19,142.0,142.0,142.0,0.0,False,False,False,False,False,False,False,False,False,False,False,False,False,True,False,Valid
IndiGo|6F182|BOM|CCU|2026-04-19 02:10:41.703,6F182,IndiGo,BOM,CCU,BOM → CCU,2026-04-19 02:10:41.703,2026-04-19 04:18:41.703,2026-04-19,128.0,128.0,128.0,0.0,False,False,False,False,False,False,False,False,False,False,False,False,False,True,False,Valid
Air India|AI106|HYD|BLR|2026-04-19 02:07:41.702,AI106,Air India,HYD,BLR,HYD → BLR,2026-04-19 02:07:41.702,2026-04-19 03:20:41.702,2026-04-19,73.0,73.0,73.0,0.0,False,False,False,False,False,False,False,False,False,False,False,False,False,True,False,Valid
Air India|AI200|HYD|MAA|2026-04-19 02:05:41.703,AI200,Air India,HYD,MAA,HYD → MAA,2026-04-19 02:05:41.703,2026-04-19 05:29:41.703,2026-04-19,204.0,204.0,204.0,0.0,False,False,False,False,False,False,False,False,False,False,False,False,False,True,False,Valid
IndiGo|6F142|CCU|MAA|2026-04-19 02:05:41.702,6F142,IndiGo,CCU,MAA,CCU → MAA,2026-04-19 02:05:41.702,2026-04-19 06:04:41.702,2026-04-19,239.0,239.0,239.0,0.0,False,False,False,False,False,False,False,False,False,False,False,False,False,True,False,Valid
SpiceJet|SJ079|HYD|DEL|2026-04-19 01:58:41.702,SJ079,SpiceJet,HYD,DEL,HYD → DEL,2026-04-19 01:58:41.702,2026-04-19 05:02:41.702,2026-04-19,184.0,184.0,184.0,0.0,False,False,False,False,False,False,False,False,False,False,False,False,False,True,False,Valid
SpiceJet|SJ082|BOM|DEL|2026-04-19 01:54:41.702,SJ082,SpiceJet,BOM,DEL,BOM → DEL,2026-04-19 01:54:41.702,2026-04-19 02:33:41.702,2026-04-19,39.0,39.0,39.0,0.0,False,False,False,False,False,False,False,False,False,False,False,False,False,True,False,Valid
SpiceJet|SJ110|CCU|DEL|2026-04-19 01:47:41.702,SJ110,SpiceJet,CCU,DEL,CCU → DEL,2026-04-19 01:47:41.702,2026-04-19 02:20:41.702,2026-04-19,33.0,33.0,33.0,0.0,False,False,False,False,False,False,False,False,False,False,False,False,False,True,False,Valid
IndiGo|6F262|MAA|DEL|2026-04-19 01:44:41.702,6F262,IndiGo,MAA,DEL,MAA → DEL,2026-04-19 01:44:41.702,2026-04-19 02:47:41.702,2026-04-19,63.0,63.0,63.0,0.0,False,False,False,False,False,False,False,False,False,False,False,False,False,True,False,Valid
Vistara|UK143|BLR|BOM|2026-04-19 01:34:41.703,UK143,Vistara,BLR,BOM,BLR → BOM,2026-04-19 01:34:41.703,2026-04-19 02:48:41.703,2026-04-19,74.0,74.0,74.0,0.0,False,False,False,False,False,False,False,False,False,False,False,False,False,True,False,Valid
IndiGo|6F269|HYD|MAA|2026-04-19 01:30:41.702,6F269,IndiGo,HYD,MAA,HYD → MAA,2026-04-19 01:30:41.702,2026-04-19 02:52:41.702,2026-04-19,82.0,82.0,82.0,0.0,False,False,False,False,False,False,False,False,False,False,False,False,False,True,False,Valid
IndiGo|6F214|BOM|CCU|2026-04-19 01:21:41.703,6F214,IndiGo,BOM,CCU,BOM → CCU,2026-04-19 01:21:41.703,2026-04-19 05:20:41.703,2026-04-19,239.0,239.0,239.0,0.0,False,False,False,False,False,False,False,False,False,False,False,False,False,True,False,Valid
SpiceJet|SJ213|BOM|CCU|2026-04-19 01:19:41.703,SJ213,SpiceJet,BOM,CCU,BOM → CCU,2026-04-19 01:19:41.703,2026-04-19 04:48:41.703,2026-04-19,209.0,209.0,209.0,0.0,False,False,False,False,False,False,False,False,False,False,False,False,False,True,False,Valid
SpiceJet|SJ072|DEL|HYD|2026-04-19 01:18:41.701,SJ072,SpiceJet,DEL,HYD,DEL → HYD,2026-04-19 01:18:41.701,2026-04-19 04:08:41.701,2026-04-19,170.0,170.0,170.0,0.0,False,False,False,False,False,False,False,False,False,False,False,False,False,True,False,Valid
IndiGo|6F059|BOM|DEL|2026-04-19 01:12:41.701,6F059,IndiGo,BOM,DEL,BOM → DEL,2026-04-19 01:12:41.701,2026-04-19 06:02:41.701,2026-04-19,290.0,290.0,290.0,0.0,False,False,False,False,False,False,False,False,False,False,False,False,False,True,False,Valid
Vistara|UK202|DEL|HYD|2026-04-19 01:11:41.703,UK202,Vistara,DEL,HYD,DEL → HYD,2026-04-19 01:11:41.703,2026-04-19 05:37:41.703,2026-04-19,266.0,266.0,266.0,0.0,False,False,False,False,False,False,False,False,False,False,False,False,False,True,False,Valid
Vistara|UK037|BLR|BOM|2026-04-19 01:10:41.701,UK037,Vistara,BLR,BOM,BLR → BOM,2026-04-19 01:10:41.701,2026-04-19 05:12:41.701,2026-04-19,242.0,242.0,242.0,0.0,False,False,False,False,False,False,False,False,False,False,False,False,False,True,False,Valid
Vistara|UK069|CCU|DEL|2026-04-19 01:10:41.701,UK069,Vistara,CCU,DEL,CCU → DEL,2026-04-19 01:10:41.701,2026-04-19 03:23:41.701,2026-04-19,133.0,133.0,133.0,0.0,False,False,False,False,False,False,False,False,False,False,False,False,False,True,False,Valid
SpiceJet|SJ118|DEL|BOM|2026-04-19 01:08:41.702,SJ118,SpiceJet,DEL,BOM,DEL → BOM,2026-04-19 01:08:41.702,2026-04-19 02:33:41.702,2026-04-19,85.0,85.0,85.0,0.0,False,False,False,False,False,False,False,False,False,False,False,False,False,True,False,Valid
IndiGo|6F145|CCU|DEL|2026-04-19 01:02:41.703,6F145,IndiGo,CCU,DEL,CCU → DEL,2026-04-19 01:02:41.703,2026-04-19 02:18:41.703,2026-04-19,76.0,76.0,76.0,0.0,False,False,False,False,False,False,False,False,False,False,False,False,False,True,False,Valid
Vistara|UK097|HYD|BOM|2026-04-19 00:49:41.702,UK097,Vistara,HYD,BOM,HYD → BOM,2026-04-19 00:49:41.702,2026-04-19 05:00:41.702,2026-04-19,251.0,251.0,251.0,0.0,False,False,False,False,False,False,False,False,False,False,False,False,False,True,False,Valid
IndiGo|6F117|CCU|DEL|2026-04-19 00:46:41.702,6F117,IndiGo,CCU,DEL,CCU → DEL,2026-04-19 00:46:41.702,2026-04-19 01:51:41.702,2026-04-19,65.0,65.0,65.0,0.0,False,False,False,False,False,False,False,False,False,False,False,False,False,True,False,Valid
IndiGo|6F226|DEL|BOM|2026-04-19 00:38:41.704,6F226,IndiGo,DEL,BOM,DEL → BOM,2026-04-19 00:38:41.704,2026-04-19 02:55:41.704,2026-04-19,137.0,137.0,137.0,0.0,False,False,False,False,False,False,False,False,False,False,False,False,False,True,False,Valid
IndiGo|6F050|DEL|BOM|2026-04-19 00:35:41.701,6F050,IndiGo,DEL,BOM,DEL → BOM,2026-04-19 00:35:41.701,2026-04-19 04:32:41.701,2026-04-19,237.0,237.0,237.0,0.0,False,False,False,False,False,False,False,False,False,False,False,False,False,True,False,Valid
Vistara|UK196|BOM|HYD|2026-04-19 00:32:41.703,UK196,Vistara,BOM,HYD,BOM → HYD,2026-04-19 00:32:41.703,2026-04-19 04:49:41.703,2026-04-19,257.0,257.0,257.0,0.0,False,False,False,False,False,False,False,False,False,False,False,False,False,True,False,Valid
SpiceJet|SJ086|CCU|DEL|2026-04-19 00:32:41.702,SJ086,SpiceJet,CCU,DEL,CCU → DEL,2026-04-19 00:32:41.702,2026-04-19 04:17:41.702,2026-04-19,225.0,225.0,225.0,0.0,False,False,False,False,False,False,False,False,False,False,False,False,False,True,False,Valid
Air India|AI134|HYD|BOM|2026-04-19 00:28:41.702,AI134,Air India,HYD,BOM,HYD → BOM,2026-04-19 00:28:41.702,2026-04-19 04:23:41.702,2026-04-19,235.0,235.0,235.0,0.0,False,False,False,False,False,False,False,False,False,False,False,False,False,True,False,Valid
Air India|AI043|CCU|DEL|2026-04-19 00:28:41.701,AI043,Air India,CCU,DEL,CCU → DEL,2026-04-19 00:28:41.701,2026-04-19 04:37:41.701,2026-04-19,249.0,249.0,249.0,0.0,False,False,False,False,False,False,False,False,False,False,False,False,False,True,False,Valid
Vistara|UK119|BOM|CCU|2026-04-19 00:21:41.702,UK119,Vistara,BOM,CCU,BOM → CCU,2026-04-19 00:21:41.702,2026-04-19 04:38:41.702,2026-04-19,257.0,257.0,257.0,0.0,False,False,False,False,False,False,False,False,False,False,False,False,False,True,False,Valid
SpiceJet|SJ181|BOM|BLR|2026-04-19 00:20:41.703,SJ181,SpiceJet,BOM,BLR,BOM → BLR,2026-04-19 00:20:41.703,2026-04-19 01:49:41.703,2026-04-19,89.0,89.0,89.0,0.0,False,False,False,False,False,False,False,False,False,False,False,False,False,True,False,Valid
Air India|AI070|CCU|DEL|2026-04-19 00:05:41.702,AI070,Air India,CCU,DEL,CCU → DEL,2026-04-19 00:05:41.702,2026-04-19 01:44:41.702,2026-04-19,99.0,99.0,99.0,0.0,False,False,False,False,False,False,False,False,False,False,False,False,False,True,False,Valid
IndiGo|6F233|BLR|BOM|2026-04-18 23:56:41.704,6F233,IndiGo,BLR,BOM,BLR → BOM,2026-04-18 23:56:41.704,2026-04-19 03:53:41.704,2026-04-18,237.0,237.0,237.0,0.0,True,False,False,False,False,False,False,False,False,False,False,False,False,True,False,Valid
Vistara|UK013|BOM|MAA|2026-04-18 23:52:41.701,UK013,Vistara,BOM,MAA,BOM → MAA,2026-04-18 23:52:41.701,2026-04-19 02:52:41.701,2026-04-18,180.0,180.0,180.0,0.0,True,False,False,False,False,False,False,False,False,False,False,False,False,True,False,Valid
IndiGo|6F015|BOM|CCU|2026-04-18 23:39:41.701,6F015,IndiGo,BOM,CCU,BOM → CCU,2026-04-18 23:39:41.701,2026-04-19 02:27:41.701,2026-04-18,168.0,168.0,168.0,0.0,True,False,False,False,False,False,False,False,False,False,False,False,False,True,False,Valid
SpiceJet|SJ247|DEL|BOM|2026-04-18 23:38:41.704,SJ247,SpiceJet,DEL,BOM,DEL → BOM,2026-04-18 23:38:41.704,2026-04-19 03:43:41.704,2026-04-18,245.0,245.0,245.0,0.0,True,False,False,False,False,False,False,False,False,False,False,False,False,True,False,Valid
Air India|AI067|HYD|DEL|2026-04-18 23:36:41.701,AI067,Air India,HYD,DEL,HYD → DEL,2026-04-18 23:36:41.701,2026-04-19 03:09:41.701,2026-04-18,213.0,213.0,213.0,0.0,True,False,False,False,False,False,False,False,False,False,False,False,False,True,False,Valid
Air India|AI211|DEL|CCU|2026-04-18 23:34:41.703,AI211,Air India,DEL,CCU,DEL → CCU,2026-04-18 23:34:41.703,2026-04-19 01:21:41.703,2026-04-18,107.0,107.0,107.0,0.0,True,False,False,False,False,False,False,False,False,False,False,False,False,True,False,Valid
Vistara|UK029|DEL|BOM|2026-04-18 23:26:41.701,UK029,Vistara,DEL,BOM,DEL → BOM,2026-04-18 23:26:41.701,2026-04-19 02:15:41.701,2026-04-18,169.0,169.0,169.0,0.0,True,False,False,False,False,False,False,False,False,False,False,False,False,True,False,Valid
SpiceJet|SJ200|BOM|DEL|2026-04-18 23:24:41.703,SJ200,SpiceJet,BOM,DEL,BOM → DEL,2026-04-18 23:24:41.703,2026-04-19 02:11:41.703,2026-04-18,167.0,167.0,167.0,0.0,True,False,False,False,False,False,False,False,False,False,False,False,False,True,False,Valid
IndiGo|6F087|DEL|HYD|2026-04-18 23:24:41.702,6F087,IndiGo,DEL,HYD,DEL → HYD,2026-04-18 23:24:41.702,2026-04-19 03:10:41.702,2026-04-18,226.0,226.0,226.0,0.0,True,False,False,False,False,False,False,False,False,False,False,False,False,True,False,Valid
SpiceJet|SJ210|HYD|CCU|2026-04-18 23:21:41.703,SJ210,SpiceJet,HYD,CCU,HYD → CCU,2026-04-18 23:21:41.703,2026-04-19 02:54:41.703,2026-04-18,213.0,213.0,213.0,0.0,True,False,False,False,False,False,False,False,False,False,False,False,False,True,False,Valid
Air India|AI101|DEL|BLR|2026-04-18 23:20:41.702,AI101,Air India,DEL,BLR,DEL → BLR,2026-04-18 23:20:41.702,2026-04-19 02:23:41.702,2026-04-18,183.0,183.0,183.0,0.0,True,False,False,False,False,False,False,False,False,False,False,False,False,True,False,Valid
Vistara|UK075|MAA|CCU|2026-04-18 23:15:41.702,UK075,Vistara,MAA,CCU,MAA → CCU,2026-04-18 23:15:41.702,2026-04-19 03:54:41.702,2026-04-18,279.0,279.0,279.0,0.0,True,False,False,False,False,False,False,False,False,False,False,False,False,True,False,Valid
SpiceJet|SJ091|BLR|CCU|2026-04-18 23:10:41.702,SJ091,SpiceJet,BLR,CCU,BLR → CCU,2026-04-18 23:10:41.702,2026-04-19 00:47:41.702,2026-04-18,97.0,97.0,97.0,0.0,True,False,False,False,False,False,False,False,False,False,False,False,False,True,False,Valid
Air India|AI251|MAA|DEL|2026-04-18 22:40:41.704,AI251,Air India,MAA,DEL,MAA → DEL,2026-04-18 22:40:41.704,2026-04-18 23:24:41.704,2026-04-18,44.0,44.0,44.0,0.0,False,False,False,False,False,False,False,False,False,False,False,False,False,True,False,Valid
SpiceJet|SJ042|HYD|CCU|2026-04-18 22:38:41.701,SJ042,SpiceJet,HYD,CCU,HYD → CCU,2026-04-18 22:38:41.701,2026-04-19 02:20:41.701,2026-04-18,222.0,222.0,222.0,0.0,True,False,False,False,False,False,False,False,False,False,False,False,False,True,False,Valid
Vistara|UK126|CCU|DEL|2026-04-18 22:37:41.702,UK126,Vistara,CCU,DEL,CCU → DEL,2026-04-18 22:37:41.702,2026-04-19 00:03:41.702,2026-04-18,86.0,86.0,86.0,0.0,True,False,False,False,False,False,False,False,False,False,False,False,False,True,False,Valid
IndiGo|6F042|HYD|DEL|2026-04-18 22:35:41.701,6F042,IndiGo,HYD,DEL,HYD → DEL,2026-04-18 22:35:41.701,2026-04-19 02:41:41.701,2026-04-18,246.0,246.0,246.0,0.0,True,False,False,False,False,False,False,False,False,False,False,False,False,True,False,Valid
Air India|AI116|CCU|BOM|2026-04-18 22:30:41.702,AI116,Air India,CCU,BOM,CCU → BOM,2026-04-18 22:30:41.702,2026-04-19 01:57:41.702,2026-04-18,207.0,207.0,207.0,0.0,True,False,False,False,False,False,False,False,False,False,False,False,False,True,False,Valid
SpiceJet|SJ209|BLR|BOM|2026-04-18 22:22:41.703,SJ209,SpiceJet,BLR,BOM,BLR → BOM,2026-04-18 22:22:41.703,2026-04-19 02:03:41.703,2026-04-18,221.0,221.0,221.0,0.0,True,False,False,False,False,False,False,False,False,False,False,False,False,True,False,Valid
Air India|AI123|MAA|BOM|2026-04-18 22:19:41.702,AI123,Air India,MAA,BOM,MAA → BOM,2026-04-18 22:19:41.702,2026-04-19 00:45:41.702,2026-04-18,146.0,146.0,146.0,0.0,True,False,False,False,False,False,False,False,False,False,False,False,False,True,False,Valid
IndiGo|6F016|HYD|BOM|2026-04-18 22:18:41.701,6F016,IndiGo,HYD,BOM,HYD → BOM,2026-04-18 22:18:41.701,2026-04-18 22:54:41.701,2026-04-18,36.0,36.0,36.0,0.0,False,False,False,False,False,False,False,False,False,False,False,False,False,True,False,Valid
Vistara|UK012|MAA|BOM|2026-04-18 22:16:41.701,UK012,Vistara,MAA,BOM,MAA → BOM,2026-04-18 22:16:41.701,2026-04-19 00:25:41.701,2026-04-18,129.0,129.0,129.0,0.0,True,False,False,False,False,False,False,False,False,False,False,False,False,True,False,Valid
SpiceJet|SJ188|BLR|BOM|2026-04-18 22:15:41.703,SJ188,SpiceJet,BLR,BOM,BLR → BOM,2026-04-18 22:15:41.703,2026-04-18 22:55:41.703,2026-04-18,40.0,40.0,40.0,0.0,False,False,False,False,False,False,False,False,False,False,False,False,False,True,False,Valid
Vistara|UK096|BLR|HYD|2026-04-18 22:11:41.702,UK096,Vistara,BLR,HYD,BLR → HYD,2026-04-18 22:11:41.702,2026-04-19 00:06:41.702,2026-04-18,115.0,115.0,115.0,0.0,True,False,False,False,False,False,False,False,False,False,False,False,False,True,False,Valid
SpiceJet|SJ046|BOM|MAA|2026-04-18 22:01:41.701,SJ046,SpiceJet,BOM,MAA,BOM → MAA,2026-04-18 22:01:41.701,2026-04-19 01:25:41.701,2026-04-18,204.0,204.0,204.0,0.0,True,False,False,False,False,False,False,False,False,False,False,False,False,True,False,Valid
Vistara|UK081|BLR|DEL|2026-04-18 22:00:41.702,UK081,Vistara,BLR,DEL,BLR → DEL,2026-04-18 22:00:41.702,2026-04-18 23:00:41.702,2026-04-18,60.0,60.0,60.0,0.0,False,False,False,False,False,False,False,False,False,False,False,False,False,True,False,Valid
Vistara|UK191|MAA|BLR|2026-04-18 21:51:41.703,UK191,Vistara,MAA,BLR,MAA → BLR,2026-04-18 21:51:41.703,2026-04-18 22:57:41.703,2026-04-18,66.0,66.0,66.0,0.0,False,False,False,False,False,False,False,False,False,False,False,False,False,True,False,Valid
IndiGo|6F064|CCU|DEL|2026-04-18 21:45:41.701,6F064,IndiGo,CCU,DEL,CCU → DEL,2026-04-18 21:45:41.701,2026-04-18 22:50:41.701,2026-04-18,65.0,65.0,65.0,0.0,False,False,False,False,False,False,False,False,False,False,False,False,False,True,False,Valid
Air India|AI005|DEL|CCU|2026-04-18 21:24:41.701,AI005,Air India,DEL,CCU,DEL → CCU,2026-04-18 21:24:41.701,2026-04-18 22:11:41.701,2026-04-18,47.0,47.0,47.0,0.0,False,False,False,False,False,False,False,False,False,False,False,False,False,True,False,Valid
IndiGo|6F021|BLR|MAA|2026-04-18 21:23:41.701,6F021,IndiGo,BLR,MAA,BLR → MAA,2026-04-18 21:23:41.701,2026-04-19 01:25:41.701,2026-04-18,242.0,242.0,242.0,0.0,True,False,False,False,False,False,False,False,False,False,False,False,False,True,False,Valid
Air India|AI169|CCU|DEL|2026-04-18 21:21:41.703,AI169,Air India,CCU,DEL,CCU → DEL,2026-04-18 21:21:41.703,2026-04-19 01:34:41.703,2026-04-18,253.0,253.0,253.0,0.0,True,False,False,False,False,False,False,False,False,False,False,False,False,True,False,Valid
Vistara|UK035|HYD|BOM|2026-04-18 21:08:41.701,UK035,Vistara,HYD,BOM,HYD → BOM,2026-04-18 21:08:41.701,2026-04-18 22:24:41.701,2026-04-18,76.0,76.0,76.0,0.0,False,False,False,False,False,False,False,False,False,False,False,False,False,True,False,Valid
Air India|AI040|HYD|BLR|2026-04-18 21:01:41.701,AI040,Air India,HYD,BLR,HYD → BLR,2026-04-18 21:01:41.701,2026-04-18 22:42:41.701,2026-04-18,101.0,101.0,101.0,0.0,False,False,False,False,False,False,False,False,False,False,False,False,False,True,False,Valid
Vistara|UK042|MAA|BOM|2026-04-18 20:59:41.701,UK042,Vistara,MAA,BOM,MAA → BOM,2026-04-18 20:59:41.701,2026-04-19 01:38:41.701,2026-04-18,279.0,279.0,279.0,0.0,True,False,False,False,False,False,False,False,False,False,False,False,False,True,False,Valid
SpiceJet|SJ171|DEL|HYD|2026-04-18 20:52:41.703,SJ171,SpiceJet,DEL,HYD,DEL → HYD,2026-04-18 20:52:41.703,2026-04-18 23:52:41.703,2026-04-18,180.0,180.0,180.0,0.0,False,False,False,False,False,False,False,False,False,False,False,False,False,True,False,Valid
Air India|AI250|BOM|CCU|2026-04-18 20:48:41.704,AI250,Air India,BOM,CCU,BOM → CCU,2026-04-18 20:48:41.704,2026-04-19 00:12:41.704,2026-04-18,204.0,204.0,204.0,0.0,True,False,False,False,False,False,False,False,False,False,False,False,False,True,False,Valid
SpiceJet|SJ195|BOM|CCU|2026-04-18 20:41:41.703,SJ195,SpiceJet,BOM,CCU,BOM → CCU,2026-04-18 20:41:41.703,2026-04-18 23:54:41.703,2026-04-18,193.0,193.0,193.0,0.0,False,False,False,False,False,False,False,False,False,False,False,False,False,True,False,Valid
Vistara|UK211|MAA|CCU|2026-04-18 20:39:41.704,UK211,Vistara,MAA,CCU,MAA → CCU,2026-04-18 20:39:41.704,2026-04-18 22:02:41.704,2026-04-18,83.0,83.0,83.0,0.0,False,False,False,False,False,False,False,False,False,False,False,False,False,True,False,Valid
Vistara|UK122|HYD|CCU|2026-04-18 20:29:42.000,UK122,Vistara,HYD,CCU,HYD → CCU,2026-04-18 20:29:42.000,2026-04-18 23:29:42.000,2026-04-18,180.0,180.0,180.0,0.0,False,False,False,False,False,False,False,False,False,False,False,False,False,True,False,Valid
Air India|AI136|BLR|DEL|2026-04-18 20:29:41.702,AI136,Air India,BLR,DEL,BLR → DEL,2026-04-18 20:29:41.702,2026-04-18 23:48:41.702,2026-04-18,199.0,199.0,199.0,0.0,False,False,False,False,False,False,False,False,False,False,False,False,False,True,False,Valid
IndiGo|6F141|BOM|CCU|2026-04-18 20:26:41.702,6F141,IndiGo,BOM,CCU,BOM → CCU,2026-04-18 20:26:41.702,2026-04-18 22:28:41.702,2026-04-18,122.0,122.0,122.0,0.0,False,False,False,False,False,False,False,False,False,False,False,False,False,True,False,Valid
IndiGo|6F053|DEL|HYD|2026-04-18 20:26:41.701,6F053,IndiGo,DEL,HYD,DEL → HYD,2026-04-18 20:26:41.701,2026-04-19 00:39:41.701,2026-04-18,253.0,253.0,253.0,0.0,True,False,False,False,False,False,False,False,False,False,False,False,False,True,False,Valid
IndiGo|6F136|CCU|DEL|2026-04-18 20:24:41.702,6F136,IndiGo,CCU,DEL,CCU → DEL,2026-04-18 20:24:41.702,2026-04-18 21:01:41.702,2026-04-18,37.0,37.0,37.0,0.0,False,False,False,False,False,False,False,False,False,False,False,False,False,True,False,Valid
IndiGo|6F009|BLR|CCU|2026-04-18 20:21:41.701,6F009,IndiGo,BLR,CCU,BLR → CCU,2026-04-18 20:21:41.701,2026-04-18 23:36:41.701,2026-04-18,195.0,195.0,195.0,0.0,False,False,False,False,False,False,False,False,False,False,False,False,False,True,False,Valid
IndiGo|6F023|MAA|BLR|2026-04-18 20:18:41.701,6F023,IndiGo,MAA,BLR,MAA → BLR,2026-04-18 20:18:41.701,2026-04-19 00:14:41.701,2026-04-18,236.0,236.0,236.0,0.0,True,False,False,False,False,False,False,False,False,False,False,False,False,True,False,Valid
Vistara|UK006|MAA|CCU|2026-04-18 20:16:41.701,UK006,Vistara,MAA,CCU,MAA → CCU,2026-04-18 20:16:41.701,2026-04-18 21:55:41.701,2026-04-18,99.0,99.0,99.0,0.0,False,False,False,False,False,False,False,False,False,False,False,False,False,True,False,Valid
SpiceJet|SJ165|CCU|BOM|2026-04-18 20:08:41.703,SJ165,SpiceJet,CCU,BOM,CCU → BOM,2026-04-18 20:08:41.703,2026-04-18 23:18:41.703,2026-04-18,190.0,190.0,190.0,0.0,False,False,False,False,False,False,False,False,False,False,False,False,False,True,False,Valid
IndiGo|6F189|MAA|BLR|2026-04-18 20:08:41.703,6F189,IndiGo,MAA,BLR,MAA → BLR,2026-04-18 20:08:41.703,2026-04-18 21:51:41.703,2026-04-18,103.0,103.0,103.0,0.0,False,False,False,False,False,False,False,False,False,False,False,False,False,True,False,Valid
Air India|AI131|MAA|BOM|2026-04-18 19:55:41.702,AI131,Air India,MAA,BOM,MAA → BOM,2026-04-18 19:55:41.702,2026-04-18 22:35:41.702,2026-04-18,160.0,160.0,160.0,0.0,False,False,False,False,False,False,False,False,False,False,False,False,False,True,False,Valid
IndiGo|6F004|BOM|CCU|2026-04-18 19:53:41.701,6F004,IndiGo,BOM,CCU,BOM → CCU,2026-04-18 19:53:41.701,2026-04-18 23:33:41.701,2026-04-18,220.0,220.0,220.0,0.0,False,False,False,False,False,False,False,False,False,False,False,False,False,True,False,Valid
Air India|AI027|BOM|MAA|2026-04-18 19:41:41.701,AI027,Air India,BOM,MAA,BOM → MAA,2026-04-18 19:41:41.701,2026-04-18 23:23:41.701,2026-04-18,222.0,222.0,222.0,0.0,False,False,False,False,False,False,False,False,False,False,False,False,False,True,False,Valid
Air India|AI238|CCU|MAA|2026-04-18 19:25:41.704,AI238,Air India,CCU,MAA,CCU → MAA,2026-04-18 19:25:41.704,2026-04-19 00:07:41.704,2026-04-18,282.0,282.0,282.0,0.0,True,False,False,False,False,False,False,False,False,False,False,False,False,True,False,Valid
SpiceJet|SJ105|BOM|HYD|2026-04-18 19:22:41.702,SJ105,SpiceJet,BOM,HYD,BOM → HYD,2026-04-18 19:22:41.702,2026-04-18 22:48:41.702,2026-04-18,206.0,206.0,206.0,0.0,False,False,False,False,False,False,False,False,False,False,False,False,False,True,False,Valid
Vistara|UK088|MAA|BLR|2026-04-18 19:16:41.702,UK088,Vistara,MAA,BLR,MAA → BLR,2026-04-18 19:16:41.702,2026-04-18 23:36:41.702,2026-04-18,260.0,260.0,260.0,0.0,False,False,False,False,False,False,False,False,False,False,False,False,False,True,False,Valid
IndiGo|6F035|CCU|HYD|2026-04-18 19:16:41.701,6F035,IndiGo,CCU,HYD,CCU → HYD,2026-04-18 19:16:41.701,2026-04-18 23:40:41.701,2026-04-18,264.0,264.0,264.0,0.0,False,False,False,False,False,False,False,False,False,False,False,False,False,True,False,Valid
Air India|AI133|DEL|CCU|2026-04-18 19:12:41.702,AI133,Air India,DEL,CCU,DEL → CCU,2026-04-18 19:12:41.702,2026-04-18 21:32:41.702,2026-04-18,140.0,140.0,140.0,0.0,False,False,False,False,False,False,False,False,False,False,False,False,False,True,False,Valid
Air India|AI001|DEL|HYD|2026-04-18 19:00:41.700,AI001,Air India,DEL,HYD,DEL → HYD,2026-04-18 19:00:41.700,2026-04-18 22:03:41.700,2026-04-18,183.0,183.0,183.0,0.0,False,False,False,False,False,False,False,False,False,False,False,False,False,True,False,Valid
SpiceJet|SJ133|BOM|CCU|2026-04-18 18:50:41.702,SJ133,SpiceJet,BOM,CCU,BOM → CCU,2026-04-18 18:50:41.702,2026-04-18 21:29:41.702,2026-04-18,159.0,159.0,159.0,0.0,False,False,False,False,False,False,False,False,False,False,False,False,False,True,False,Valid
SpiceJet|SJ216|BOM|CCU|2026-04-18 18:35:41.703,SJ216,SpiceJet,BOM,CCU,BOM → CCU,2026-04-18 18:35:41.703,2026-04-18 21:31:41.703,2026-04-18,176.0,176.0,176.0,0.0,False,False,False,False,False,False,False,False,False,False,False,False,False,True,False,Valid
SpiceJet|SJ225|DEL|HYD|2026-04-18 18:16:41.704,SJ225,SpiceJet,DEL,HYD,DEL → HYD,2026-04-18 18:16:41.704,2026-04-18 20:53:41.704,2026-04-18,157.0,157.0,157.0,0.0,False,False,False,False,False,False,False,False,False,False,False,False,False,True,False,Valid
Air India|AI147|HYD|CCU|2026-04-18 18:14:41.703,AI147,Air India,HYD,CCU,HYD → CCU,2026-04-18 18:14:41.703,2026-04-18 20:10:41.703,2026-04-18,116.0,116.0,116.0,0.0,False,False,False,False,False,False,False,False,False,False,False,False,False,True,False,Valid
SpiceJet|SJ054|MAA|BLR|2026-04-18 18:13:41.701,SJ054,SpiceJet,MAA,BLR,MAA → BLR,2026-04-18 18:13:41.701,2026-04-18 22:46:41.701,2026-04-18,273.0,273.0,273.0,0.0,False,False,False,False,False,False,False,False,False,False,False,False,False,True,False,Valid
IndiGo|6F197|BOM|BLR|2026-04-18 17:59:41.703,6F197,IndiGo,BOM,BLR,BOM → BLR,2026-04-18 17:59:41.703,2026-04-18 22:44:41.703,2026-04-18,285.0,285.0,285.0,0.0,False,False,False,False,False,False,False,False,False,False,False,False,False,True,False,Valid
SpiceJet|SJ066|HYD|CCU|2026-04-18 17:47:41.701,SJ066,SpiceJet,HYD,CCU,HYD → CCU,2026-04-18 17:47:41.701,2026-04-18 19:03:41.701,2026-04-18,76.0,76.0,76.0,0.0,False,False,False,False,False,False,False,False,False,False,False,False,False,True,False,Valid
SpiceJet|SJ183|CCU|DEL|2026-04-18 17:44:41.703,SJ183,SpiceJet,CCU,DEL,CCU → DEL,2026-04-18 17:44:41.703,2026-04-18 19:40:41.703,2026-04-18,116.0,116.0,116.0,0.0,False,False,False,False,False,False,False,False,False,False,False,False,False,True,False,Valid
SpiceJet|SJ151|BOM|CCU|2026-04-18 17:44:41.702,SJ151,SpiceJet,BOM,CCU,BOM → CCU,2026-04-18 17:44:41.702,2026-04-18 19:16:41.702,2026-04-18,92.0,92.0,92.0,0.0,False,False,False,False,False,False,False,False,False,False,False,False,False,True,False,Valid
SpiceJet|SJ071|CCU|MAA|2026-04-18 17:43:41.701,SJ071,SpiceJet,CCU,MAA,CCU → MAA,2026-04-18 17:43:41.701,2026-04-18 19:32:41.701,2026-04-18,109.0,109.0,109.0,0.0,False,False,False,False,False,False,False,False,False,False,False,False,False,True,False,Valid
SpiceJet|SJ102|MAA|CCU|2026-04-18 17:26:41.702,SJ102,SpiceJet,MAA,CCU,MAA → CCU,2026-04-18 17:26:41.702,2026-04-18 18:58:41.702,2026-04-18,92.0,92.0,92.0,0.0,False,False,False,False,False,False,False,False,False,False,False,False,False,True,False,Valid
Air India|AI209|BLR|CCU|2026-04-18 17:25:41.703,AI209,Air India,BLR,CCU,BLR → CCU,2026-04-18 17:25:41.703,2026-04-18 18:37:41.703,2026-04-18,72.0,72.0,72.0,0.0,False,False,False,False,False,False,False,False,False,False,False,False,False,True,False,Valid
IndiGo|6F111|HYD|DEL|2026-04-18 17:09:41.702,6F111,IndiGo,HYD,DEL,HYD → DEL,2026-04-18 17:09:41.702,2026-04-18 20:02:41.702,2026-04-18,173.0,173.0,173.0,0.0,False,False,False,False,False,False,False,False,False,False,False,False,False,True,False,Valid
Air India|AI050|BLR|BOM|2026-04-18 17:07:41.701,AI050,Air India,BLR,BOM,BLR → BOM,2026-04-18 17:07:41.701,2026-04-18 19:42:41.701,2026-04-18,155.0,155.0,155.0,0.0,False,False,False,False,False,False,False,False,False,False,False,False,False,True,False,Valid
SpiceJet|SJ189|HYD|BLR|2026-04-18 17:05:41.703,SJ189,SpiceJet,HYD,BLR,HYD → BLR,2026-04-18 17:05:41.703,2026-04-18 22:01:41.703,2026-04-18,296.0,296.0,296.0,0.0,False,False,False,False,False,False,False,False,False,False,False,False,False,True,False,Valid
Vistara|UK112|CCU|DEL|2026-04-18 17:05:41.702,UK112,Vistara,CCU,DEL,CCU → DEL,2026-04-18 17:05:41.702,2026-04-18 19:47:41.702,2026-04-18,162.0,162.0,162.0,0.0,False,False,False,False,False,False,False,False,False,False,False,False,False,True,False,Valid
IndiGo|6F171|DEL|BLR|2026-04-18 17:03:41.703,6F171,IndiGo,DEL,BLR,DEL → BLR,2026-04-18 17:03:41.703,2026-04-18 18:12:41.703,2026-04-18,69.0,69.0,69.0,0.0,False,False,False,False,False,False,False,False,False,False,False,False,False,True,False,Valid
Air India|AI011|CCU|BOM|2026-04-18 16:58:41.701,AI011,Air India,CCU,BOM,CCU → BOM,2026-04-18 16:58:41.701,2026-04-18 21:01:41.701,2026-04-18,243.0,243.0,243.0,0.0,False,False,False,False,False,False,False,False,False,False,False,False,False,True,False,Valid
IndiGo|6F027|BLR|DEL|2026-04-18 16:52:41.701,6F027,IndiGo,BLR,DEL,BLR → DEL,2026-04-18 16:52:41.701,2026-04-18 18:21:41.701,2026-04-18,89.0,89.0,89.0,0.0,False,False,False,False,False,False,False,False,False,False,False,False,False,True,False,Valid
Vistara|UK082|DEL|BOM|2026-04-18 16:50:41.702,UK082,Vistara,DEL,BOM,DEL → BOM,2026-04-18 16:50:41.702,2026-04-18 21:21:41.702,2026-04-18,271.0,271.0,271.0,0.0,False,False,False,False,False,False,False,False,False,False,False,False,False,True,False,Valid
Vistara|UK138|DEL|BLR|2026-04-18 16:47:41.703,UK138,Vistara,DEL,BLR,DEL → BLR,2026-04-18 16:47:41.703,2026-04-18 19:36:41.703,2026-04-18,169.0,169.0,169.0,0.0,False,False,False,False,False,False,False,False,False,False,False,False,False,True,False,Valid
Vistara|UK198|DEL|BLR|2026-04-18 16:43:41.703,UK198,Vistara,DEL,BLR,DEL → BLR,2026-04-18 16:43:41.703,2026-04-18 18:18:41.703,2026-04-18,95.0,95.0,95.0,0.0,False,False,False,False,False,False,False,False,False,False,False,False,False,True,False,Valid
IndiGo|6F039|MAA|CCU|2026-04-18 16:43:41.701,6F039,IndiGo,MAA,CCU,MAA → CCU,2026-04-18 16:43:41.701,2026-04-18 21:01:41.701,2026-04-18,258.0,258.0,258.0,0.0,False,False,False,False,False,False,False,False,False,False,False,False,False,True,False,Valid
IndiGo|6F157|MAA|CCU|2026-04-18 16:37:41.703,6F157,IndiGo,MAA,CCU,MAA → CCU,2026-04-18 16:37:41.703,2026-04-18 18:04:41.703,2026-04-18,87.0,87.0,87.0,0.0,False,False,False,False,False,False,False,False,False,False,False,False,False,True,False,Valid
SpiceJet|SJ024|DEL|MAA|2026-04-18 16:29:41.701,SJ024,SpiceJet,DEL,MAA,DEL → MAA,2026-04-18 16:29:41.701,2026-04-18 20:21:41.701,2026-04-18,232.0,232.0,232.0,0.0,False,False,False,False,False,False,False,False,False,False,False,False,False,True,False,Valid
IndiGo|6F167|BLR|BOM|2026-04-18 16:26:41.703,6F167,IndiGo,BLR,BOM,BLR → BOM,2026-04-18 16:26:41.703,2026-04-18 17:50:41.703,2026-04-18,84.0,84.0,84.0,0.0,False,False,False,False,False,False,False,False,False,False,False,False,False,True,False,Valid
Air India|AI197|BOM|CCU|2026-04-18 16:25:41.703,AI197,Air India,BOM,CCU,BOM → CCU,2026-04-18 16:25:41.703,2026-04-18 20:00:41.703,2026-04-18,215.0,215.0,215.0,0.0,False,False,False,False,False,False,False,False,False,False,False,False,False,True,False,Valid
SpiceJet|SJ211|MAA|BOM|2026-04-18 16:22:41.703,SJ211,SpiceJet,MAA,BOM,MAA → BOM,2026-04-18 16:22:41.703,2026-04-18 18:34:41.703,2026-04-18,132.0,132.0,132.0,0.0,False,False,False,False,False,False,False,False,False,False,False,False,False,True,False,Valid
IndiGo|6F055|DEL|CCU|2026-04-18 16:21:41.701,6F055,IndiGo,DEL,CCU,DEL → CCU,2026-04-18 16:21:41.701,2026-04-18 18:49:41.701,2026-04-18,148.0,148.0,148.0,0.0,False,False,False,False,False,False,False,False,False,False,False,False,False,True,False,Valid
Air India|AI253|BLR|BOM|2026-04-18 16:13:41.704,AI253,Air India,BLR,BOM,BLR → BOM,2026-04-18 16:13:41.704,2026-04-18 19:51:41.704,2026-04-18,218.0,218.0,218.0,0.0,False,False,False,False,False,False,False,False,False,False,False,False,False,True,False,Valid
Vistara|UK060|BLR|CCU|2026-04-18 16:09:41.701,UK060,Vistara,BLR,CCU,BLR → CCU,2026-04-18 16:09:41.701,2026-04-18 19:42:41.701,2026-04-18,213.0,213.0,213.0,0.0,False,False,False,False,False,False,False,False,False,False,False,False,False,True,False,Valid
IndiGo|6F257|MAA|CCU|2026-04-18 16:04:41.704,6F257,IndiGo,MAA,CCU,MAA → CCU,2026-04-18 16:04:41.704,2026-04-18 19:55:41.704,2026-04-18,231.0,231.0,231.0,0.0,False,False,False,False,False,False,False,False,False,False,False,False,False,True,False,Valid
SpiceJet|SJ135|MAA|CCU|2026-04-18 16:03:41.702,SJ135,SpiceJet,MAA,CCU,MAA → CCU,2026-04-18 16:03:41.702,2026-04-18 19:48:41.702,2026-04-18,225.0,225.0,225.0,0.0,False,False,False,False,False,False,False,False,False,False,False,False,False,True,False,Valid
Air India|AI247|BOM|CCU|2026-04-18 15:58:41.704,AI247,Air India,BOM,CCU,BOM → CCU,2026-04-18 15:58:41.704,2026-04-18 19:02:41.704,2026-04-18,184.0,184.0,184.0,0.0,False,False,False,False,False,False,False,False,False,False,False,False,False,True,False,Valid
Vistara|UK127|BOM|HYD|2026-04-18 15:56:41.702,UK127,Vistara,BOM,HYD,BOM → HYD,2026-04-18 15:56:41.702,2026-04-18 20:00:41.702,2026-04-18,244.0,244.0,244.0,0.0,False,False,False,False,False,False,False,False,False,False,False,False,False,True,False,Valid
Air India|AI109|BLR|BOM|2026-04-18 15:53:41.702,AI109,Air India,BLR,BOM,BLR → BOM,2026-04-18 15:53:41.702,2026-04-18 20:14:41.702,2026-04-18,261.0,261.0,261.0,0.0,False,False,False,False,False,False,False,False,False,False,False,False,False,True,False,Valid
Air India|AI057|BOM|CCU|2026-04-18 15:53:41.701,AI057,Air India,BOM,CCU,BOM → CCU,2026-04-18 15:53:41.701,2026-04-18 19:22:41.701,2026-04-18,209.0,209.0,209.0,0.0,False,False,False,False,False,False,False,False,False,False,False,False,False,True,False,Valid
IndiGo|6F103|CCU|MAA|2026-04-18 15:37:41.702,6F103,IndiGo,CCU,MAA,CCU → MAA,2026-04-18 15:37:41.702,2026-04-18 18:32:41.702,2026-04-18,175.0,175.0,175.0,0.0,False,False,False,False,False,False,False,False,False,False,False,False,False,True,False,Valid
SpiceJet|SJ144|BLR|BOM|2026-04-18 15:35:41.702,SJ144,SpiceJet,BLR,BOM,BLR → BOM,2026-04-18 15:35:41.702,2026-04-18 19:12:41.702,2026-04-18,217.0,217.0,217.0,0.0,False,False,False,False,False,False,False,False,False,False,False,False,False,True,False,Valid
IndiGo|6F076|CCU|HYD|2026-04-18 15:35:41.702,6F076,IndiGo,CCU,HYD,CCU → HYD,2026-04-18 15:35:41.702,2026-04-18 16:20:41.702,2026-04-18,45.0,45.0,45.0,0.0,False,False,False,False,False,False,False,False,False,False,False,False,False,True,False,Valid
IndiGo|6F240|DEL|HYD|2026-04-18 15:31:41.704,6F240,IndiGo,DEL,HYD,DEL → HYD,2026-04-18 15:31:41.704,2026-04-18 19:56:41.704,2026-04-18,265.0,265.0,265.0,0.0,False,False,False,False,False,False,False,False,False,False,False,False,False,True,False,Valid
Vistara|UK057|CCU|DEL|2026-04-18 15:25:41.701,UK057,Vistara,CCU,DEL,CCU → DEL,2026-04-18 15:25:41.701,2026-04-18 20:04:41.701,2026-04-18,279.0,279.0,279.0,0.0,False,False,False,False,False,False,False,False,False,False,False,False,False,True,False,Valid
Air India|AI201|BLR|CCU|2026-04-18 15:19:41.703,AI201,Air India,BLR,CCU,BLR → CCU,2026-04-18 15:19:41.703,2026-04-18 16:40:41.703,2026-04-18,81.0,81.0,81.0,0.0,False,False,False,False,False,False,False,False,False,False,False,False,False,True,False,Valid
SpiceJet|SJ242|BLR|HYD|2026-04-18 14:55:41.704,SJ242,SpiceJet,BLR,HYD,BLR → HYD,2026-04-18 14:55:41.704,2026-04-18 17:42:41.704,2026-04-18,167.0,167.0,167.0,0.0,False,False,False,False,False,False,False,False,False,False,False,False,False,True,False,Valid
IndiGo|6F037|BOM|MAA|2026-04-18 14:51:41.701,6F037,IndiGo,BOM,MAA,BOM → MAA,2026-04-18 14:51:41.701,2026-04-18 17:23:41.701,2026-04-18,152.0,152.0,152.0,0.0,False,False,False,False,False,False,False,False,False,False,False,False,False,True,False,Valid
SpiceJet|SJ132|MAA|DEL|2026-04-18 14:44:41.702,SJ132,SpiceJet,MAA,DEL,MAA → DEL,2026-04-18 14:44:41.702,2026-04-18 15:36:41.702,2026-04-18,52.0,52.0,52.0,0.0,False,False,False,False,False,False,False,False,False,False,False,False,False,True,False,Valid
Air India|AI055|CCU|BOM|2026-04-18 14:39:41.701,AI055,Air India,CCU,BOM,CCU → BOM,2026-04-18 14:39:41.701,2026-04-18 16:18:41.701,2026-04-18,99.0,99.0,99.0,0.0,False,False,False,False,False,False,False,False,False,False,False,False,False,True,False,Valid
IndiGo|6F252|MAA|BLR|2026-04-18 14:25:41.701,6F252,IndiGo,MAA,BLR,MAA → BLR,2026-04-18 14:25:41.701,2026-04-18 18:52:41.701,2026-04-18,267.0,267.0,267.0,0.0,False,False,False,False,False,False,False,False,False,False,False,False,False,True,False,Valid
Air India|AI183|DEL|CCU|2026-04-18 14:24:41.703,AI183,Air India,DEL,CCU,DEL → CCU,2026-04-18 14:24:41.703,2026-04-18 16:06:41.703,2026-04-18,102.0,102.0,102.0,0.0,False,False,False,False,False,False,False,False,False,False,False,False,False,True,False,Valid
SpiceJet|SJ125|DEL|BLR|2026-04-18 14:21:41.702,SJ125,SpiceJet,DEL,BLR,DEL → BLR,2026-04-18 14:21:41.702,2026-04-18 16:55:41.702,2026-04-18,154.0,154.0,154.0,0.0,False,False,False,False,False,False,False,False,False,False,False,False,False,True,False,Valid
SpiceJet|SJ087|BOM|DEL|2026-04-18 14:20:41.702,SJ087,SpiceJet,BOM,DEL,BOM → DEL,2026-04-18 14:20:41.702,2026-04-18 19:09:41.702,2026-04-18,289.0,289.0,289.0,0.0,False,False,False,False,False,False,False,False,False,False,False,False,False,True,False,Valid
Vistara|UK182|HYD|CCU|2026-04-18 14:19:41.703,UK182,Vistara,HYD,CCU,HYD → CCU,2026-04-18 14:19:41.703,2026-04-18 18:25:41.703,2026-04-18,246.0,246.0,246.0,0.0,False,False,False,False,False,False,False,False,False,False,False,False,False,True,False,Valid
Air India|AI016|BOM|CCU|2026-04-18 14:15:41.701,AI016,Air India,BOM,CCU,BOM → CCU,2026-04-18 14:15:41.701,2026-04-18 18:38:41.701,2026-04-18,263.0,263.0,263.0,0.0,False,False,False,False,False,False,False,False,False,False,False,False,False,True,False,Valid
IndiGo|6F107|CCU|BLR|2026-04-18 14:14:41.702,6F107,IndiGo,CCU,BLR,CCU → BLR,2026-04-18 14:14:41.702,2026-04-18 17:14:42.000,2026-04-18,180.0049666666667,180.0049666666667,180.0049666666667,0.0,False,False,False,False,False,False,False,False,False,False,False,False,False,True,False,Valid
Air India|AI026|DEL|BOM|2026-04-18 14:14:41.701,AI026,Air India,DEL,BOM,DEL → BOM,2026-04-18 14:14:41.701,2026-04-18 15:13:41.701,2026-04-18,59.0,59.0,59.0,0.0,False,False,False,False,False,False,False,False,False,False,False,False,False,True,False,Valid
Air India|AI177|CCU|HYD|2026-04-18 14:11:41.703,AI177,Air India,CCU,HYD,CCU → HYD,2026-04-18 14:11:41.703,2026-04-18 16:26:41.703,2026-04-18,135.0,135.0,135.0,0.0,False,False,False,False,False,False,False,False,False,False,False,False,False,True,False,Valid
Air India|AI041|BOM|BLR|2026-04-18 14:08:41.701,AI041,Air India,BOM,BLR,BOM → BLR,2026-04-18 14:08:41.701,2026-04-18 15:59:41.701,2026-04-18,111.0,111.0,111.0,0.0,False,False,False,False,False,False,False,False,False,False,False,False,False,True,False,Valid
IndiGo|6F264|DEL|HYD|2026-04-18 14:03:41.701,6F264,IndiGo,DEL,HYD,DEL → HYD,2026-04-18 14:03:41.701,2026-04-18 18:23:41.701,2026-04-18,260.0,260.0,260.0,0.0,False,False,False,False,False,False,False,False,False,False,False,False,False,True,False,Valid
IndiGo|6F222|HYD|MAA|2026-04-18 14:01:41.704,6F222,IndiGo,HYD,MAA,HYD → MAA,2026-04-18 14:01:41.704,2026-04-18 16:11:41.704,2026-04-18,130.0,130.0,130.0,0.0,False,False,False,False,False,False,False,False,False,False,False,False,False,True,False,Valid
Air India|AI004|HYD|MAA|2026-04-18 13:58:41.701,AI004,Air India,HYD,MAA,HYD → MAA,2026-04-18 13:58:41.701,2026-04-18 18:12:41.701,2026-04-18,254.0,254.0,254.0,0.0,False,False,False,False,False,False,False,False,False,False,False,False,False,True,False,Valid
SpiceJet|SJ126|DEL|BLR|2026-04-18 13:47:41.702,SJ126,SpiceJet,DEL,BLR,DEL → BLR,2026-04-18 13:47:41.702,2026-04-18 16:31:41.702,2026-04-18,164.0,164.0,164.0,0.0,False,False,False,False,False,False,False,False,False,False,False,False,False,True,False,Valid
SpiceJet|SJ220|BOM|CCU|2026-04-18 13:45:41.703,SJ220,SpiceJet,BOM,CCU,BOM → CCU,2026-04-18 13:45:41.703,2026-04-18 15:21:41.703,2026-04-18,96.0,96.0,96.0,0.0,False,False,False,False,False,False,False,False,False,False,False,False,False,True,False,Valid
Air India|AI204|CCU|MAA|2026-04-18 13:40:41.703,AI204,Air India,CCU,MAA,CCU → MAA,2026-04-18 13:40:41.703,2026-04-18 18:38:41.703,2026-04-18,298.0,298.0,298.0,0.0,False,False,False,False,False,False,False,False,False,False,False,False,False,True,False,Valid
Vistara|UK098|CCU|DEL|2026-04-18 13:38:41.702,UK098,Vistara,CCU,DEL,CCU → DEL,2026-04-18 13:38:41.702,2026-04-18 17:54:41.702,2026-04-18,256.0,256.0,256.0,0.0,False,False,False,False,False,False,False,False,False,False,False,False,False,True,False,Valid
Air India|AI090|MAA|CCU|2026-04-18 13:37:41.702,AI090,Air India,MAA,CCU,MAA → CCU,2026-04-18 13:37:41.702,2026-04-18 16:11:41.702,2026-04-18,154.0,154.0,154.0,0.0,False,False,False,False,False,False,False,False,False,False,False,False,False,True,False,Valid
Air India|AI092|CCU|BOM|2026-04-18 13:36:41.702,AI092,Air India,CCU,BOM,CCU → BOM,2026-04-18 13:36:41.702,2026-04-18 16:20:41.702,2026-04-18,164.0,164.0,164.0,0.0,False,False,False,False,False,False,False,False,False,False,False,False,False,True,False,Valid
Air India|AI049|CCU|MAA|2026-04-18 13:35:41.701,AI049,Air India,CCU,MAA,CCU → MAA,2026-04-18 13:35:41.701,2026-04-18 15:48:41.701,2026-04-18,133.0,133.0,133.0,0.0,False,False,False,False,False,False,False,False,False,False,False,False,False,True,False,Valid
Vistara|UK117|BLR|BOM|2026-04-18 13:17:41.702,UK117,Vistara,BLR,BOM,BLR → BOM,2026-04-18 13:17:41.702,2026-04-18 16:54:41.702,2026-04-18,217.0,217.0,217.0,0.0,False,False,False,False,False,False,False,False,False,False,False,False,False,True,False,Valid
IndiGo|6F227|MAA|BOM|2026-04-18 13:16:41.704,6F227,IndiGo,MAA,BOM,MAA → BOM,2026-04-18 13:16:41.704,2026-04-18 17:41:41.704,2026-04-18,265.0,265.0,265.0,0.0,False,False,False,False,False,False,False,False,False,False,False,False,False,True,False,Valid
Air India|AI228|BLR|BOM|2026-04-18 13:16:41.703,AI228,Air India,BLR,BOM,BLR → BOM,2026-04-18 13:16:41.703,2026-04-18 17:44:41.703,2026-04-18,268.0,268.0,268.0,0.0,False,False,False,False,False,False,False,False,False,False,False,False,False,True,False,Valid
SpiceJet|SJ164|CCU|MAA|2026-04-18 13:14:41.703,SJ164,SpiceJet,CCU,MAA,CCU → MAA,2026-04-18 13:14:41.703,2026-04-18 15:14:42.000,2026-04-18,120.00495,120.00495,120.00495,0.0,False,False,False,False,False,False,False,False,False,False,False,False,False,True,False,Valid
Air India|AI018|BOM|CCU|2026-04-18 13:12:41.701,AI018,Air India,BOM,CCU,BOM → CCU,2026-04-18 13:12:41.701,2026-04-18 18:04:41.701,2026-04-18,292.0,292.0,292.0,0.0,False,False,False,False,False,False,False,False,False,False,False,False,False,True,False,Valid
Vistara|UK192|HYD|DEL|2026-04-18 12:54:41.703,UK192,Vistara,HYD,DEL,HYD → DEL,2026-04-18 12:54:41.703,2026-04-18 13:54:42.000,2026-04-18,60.00495,60.00495,60.00495,0.0,False,False,False,False,False,False,False,False,False,False,False,False,False,True,False,Valid
SpiceJet|SJ224|DEL|MAA|2026-04-18 12:41:41.703,SJ224,SpiceJet,DEL,MAA,DEL → MAA,2026-04-18 12:41:41.703,2026-04-18 15:33:41.703,2026-04-18,172.0,172.0,172.0,0.0,False,False,False,False,False,False,False,False,False,False,False,False,False,True,False,Valid
Vistara|UK050|BOM|DEL|2026-04-18 12:39:41.701,UK050,Vistara,BOM,DEL,BOM → DEL,2026-04-18 12:39:41.701,2026-04-18 13:18:41.701,2026-04-18,39.0,39.0,39.0,0.0,False,False,False,False,False,False,False,False,False,False,False,False,False,True,False,Valid
SpiceJet|SJ159|CCU|DEL|2026-04-18 12:22:41.703,SJ159,SpiceJet,CCU,DEL,CCU → DEL,2026-04-18 12:22:41.703,2026-04-18 14:05:41.703,2026-04-18,103.0,103.0,103.0,0.0,False,False,False,False,False,False,False,False,False,False,False,False,False,True,False,Valid
Vistara|UK038|MAA|CCU|2026-04-18 12:22:41.701,UK038,Vistara,MAA,CCU,MAA → CCU,2026-04-18 12:22:41.701,2026-04-18 15:31:41.701,2026-04-18,189.0,189.0,189.0,0.0,False,False,False,False,False,False,False,False,False,False,False,False,False,True,False,Valid
IndiGo|6F192|CCU|BLR|2026-04-18 12:20:41.703,6F192,IndiGo,CCU,BLR,CCU → BLR,2026-04-18 12:20:41.703,2026-04-18 16:45:41.703,2026-04-18,265.0,265.0,265.0,0.0,False,False,False,False,False,False,False,False,False,False,False,False,False,True,False,Valid
IndiGo|6F173|BOM|CCU|2026-04-18 12:19:41.703,6F173,IndiGo,BOM,CCU,BOM → CCU,2026-04-18 12:19:41.703,2026-04-18 13:08:41.703,2026-04-18,49.0,49.0,49.0,0.0,False,False,False,False,False,False,False,False,False,False,False,False,False,True,False,Valid
Air India|AI185|CCU|BOM|2026-04-18 12:16:41.703,AI185,Air India,CCU,BOM,CCU → BOM,2026-04-18 12:16:41.703,2026-04-18 16:18:41.703,2026-04-18,242.0,242.0,242.0,0.0,False,False,False,False,False,False,False,False,False,False,False,False,False,True,False,Valid
SpiceJet|SJ152|BOM|DEL|2026-04-18 12:09:41.702,SJ152,SpiceJet,BOM,DEL,BOM → DEL,2026-04-18 12:09:41.702,2026-04-18 13:50:41.702,2026-04-18,101.0,101.0,101.0,0.0,False,False,False,False,False,False,False,False,False,False,False,False,False,True,False,Valid
Air India|AI215|BLR|DEL|2026-04-18 12:07:41.703,AI215,Air India,BLR,DEL,BLR → DEL,2026-04-18 12:07:41.703,2026-04-18 13:43:41.703,2026-04-18,96.0,96.0,96.0,0.0,False,False,False,False,False,False,False,False,False,False,False,False,False,True,False,Valid
Air India|AI074|CCU|BOM|2026-04-18 12:03:41.702,AI074,Air India,CCU,BOM,CCU → BOM,2026-04-18 12:03:41.702,2026-04-18 12:50:41.702,2026-04-18,47.0,47.0,47.0,0.0,False,False,False,False,False,False,False,False,False,False,False,False,False,True,False,Valid
IndiGo|6F109|BLR|BOM|2026-04-18 12:00:41.702,6F109,IndiGo,BLR,BOM,BLR → BOM,2026-04-18 12:00:41.702,2026-04-18 12:51:41.702,2026-04-18,51.0,51.0,51.0,0.0,False,False,False,False,False,False,False,False,False,False,False,False,False,True,False,Valid
IndiGo|6F144|HYD|BOM|2026-04-18 11:56:41.702,6F144,IndiGo,HYD,BOM,HYD → BOM,2026-04-18 11:56:41.702,2026-04-18 15:11:41.702,2026-04-18,195.0,195.0,195.0,0.0,False,False,False,False,False,False,False,False,False,False,False,False,False,True,False,Valid
IndiGo|6F210|HYD|DEL|2026-04-18 11:51:41.703,6F210,IndiGo,HYD,DEL,HYD → DEL,2026-04-18 11:51:41.703,2026-04-18 15:58:41.703,2026-04-18,247.0,247.0,247.0,0.0,False,False,False,False,False,False,False,False,False,False,False,False,False,True,False,Valid
SpiceJet|SJ111|DEL|MAA|2026-04-18 11:47:41.702,SJ111,SpiceJet,DEL,MAA,DEL → MAA,2026-04-18 11:47:41.702,2026-04-18 12:59:41.702,2026-04-18,72.0,72.0,72.0,0.0,False,False,False,False,False,False,False,False,False,False,False,False,False,True,False,Valid
Vistara|UK092|MAA|BLR|2026-04-18 11:42:41.702,UK092,Vistara,MAA,BLR,MAA → BLR,2026-04-18 11:42:41.702,2026-04-18 13:17:41.702,2026-04-18,95.0,95.0,95.0,0.0,False,False,False,False,False,False,False,False,False,False,False,False,False,True,False,Valid
Vistara|UK009|BOM|DEL|2026-04-18 11:34:41.701,UK009,Vistara,BOM,DEL,BOM → DEL,2026-04-18 11:34:41.701,2026-04-18 13:41:41.701,2026-04-18,127.0,127.0,127.0,0.0,False,False,False,False,False,False,False,False,False,False,False,False,False,True,False,Valid
Air India|AI170|HYD|DEL|2026-04-18 11:27:41.703,AI170,Air India,HYD,DEL,HYD → DEL,2026-04-18 11:27:41.703,2026-04-18 15:50:41.703,2026-04-18,263.0,263.0,263.0,0.0,False,False,False,False,False,False,False,False,False,False,False,False,False,True,False,Valid
IndiGo|6F154|CCU|DEL|2026-04-18 11:26:41.703,6F154,IndiGo,CCU,DEL,CCU → DEL,2026-04-18 11:26:41.703,2026-04-18 12:23:41.703,2026-04-18,57.0,57.0,57.0,0.0,False,False,False,False,False,False,False,False,False,False,False,False,False,True,False,Valid
IndiGo|6F161|MAA|DEL|2026-04-18 11:24:41.703,6F161,IndiGo,MAA,DEL,MAA → DEL,2026-04-18 11:24:41.703,2026-04-18 12:21:41.703,2026-04-18,57.0,57.0,57.0,0.0,False,False,False,False,False,False,False,False,False,False,False,False,False,True,False,Valid
Vistara|UK128|BOM|CCU|2026-04-18 11:22:41.702,UK128,Vistara,BOM,CCU,BOM → CCU,2026-04-18 11:22:41.702,2026-04-18 14:11:41.702,2026-04-18,169.0,169.0,169.0,0.0,False,False,False,False,False,False,False,False,False,False,False,False,False,True,False,Valid
Air India|AI186|DEL|BOM|2026-04-18 11:11:41.703,AI186,Air India,DEL,BOM,DEL → BOM,2026-04-18 11:11:41.703,2026-04-18 13:05:41.703,2026-04-18,114.0,114.0,114.0,0.0,False,False,False,False,False,False,False,False,False,False,False,False,False,True,False,Valid
Air India|AI099|BLR|BOM|2026-04-18 11:07:41.702,AI099,Air India,BLR,BOM,BLR → BOM,2026-04-18 11:07:41.702,2026-04-18 13:29:41.702,2026-04-18,142.0,142.0,142.0,0.0,False,False,False,False,False,False,False,False,False,False,False,False,False,True,False,Valid
IndiGo|6F203|BLR|HYD|2026-04-18 11:05:41.703,6F203,IndiGo,BLR,HYD,BLR → HYD,2026-04-18 11:05:41.703,2026-04-18 12:56:41.703,2026-04-18,111.0,111.0,111.0,0.0,False,False,False,False,False,False,False,False,False,False,False,False,False,True,False,Valid
Vistara|UK139|BLR|MAA|2026-04-18 10:54:41.703,UK139,Vistara,BLR,MAA,BLR → MAA,2026-04-18 10:54:41.703,2026-04-18 14:31:41.703,2026-04-18,217.0,217.0,217.0,0.0,False,False,False,False,False,False,False,False,False,False,False,False,False,True,False,Valid
SpiceJet|SJ008|HYD|BLR|2026-04-18 10:53:41.701,SJ008,SpiceJet,HYD,BLR,HYD → BLR,2026-04-18 10:53:41.701,2026-04-18 15:48:41.701,2026-04-18,295.0,295.0,295.0,0.0,False,False,False,False,False,False,False,False,False,False,False,False,False,True,False,Valid
Air India|AI171|MAA|BLR|2026-04-18 10:51:41.703,AI171,Air India,MAA,BLR,MAA → BLR,2026-04-18 10:51:41.703,2026-04-18 13:34:41.703,2026-04-18,163.0,163.0,163.0,0.0,False,False,False,False,False,False,False,False,False,False,False,False,False,True,False,Valid
IndiGo|6F124|BLR|BOM|2026-04-18 10:47:41.702,6F124,IndiGo,BLR,BOM,BLR → BOM,2026-04-18 10:47:41.702,2026-04-18 15:21:41.702,2026-04-18,274.0,274.0,274.0,0.0,False,False,False,False,False,False,False,False,False,False,False,False,False,True,False,Valid
IndiGo|6F137|CCU|DEL|2026-04-18 10:45:41.702,6F137,IndiGo,CCU,DEL,CCU → DEL,2026-04-18 10:45:41.702,2026-04-18 15:01:41.702,2026-04-18,256.0,256.0,256.0,0.0,False,False,False,False,False,False,False,False,False,False,False,False,False,True,False,Valid
Air India|AI008|BOM|CCU|2026-04-18 10:43:41.701,AI008,Air India,BOM,CCU,BOM → CCU,2026-04-18 10:43:41.701,2026-04-18 12:43:42.000,2026-04-18,120.00498333333333,120.00498333333333,120.00498333333333,0.0,False,False,False,False,False,False,False,False,False,False,False,False,False,True,False,Valid
SpiceJet|SJ140|HYD|DEL|2026-04-18 10:42:41.702,SJ140,SpiceJet,HYD,DEL,HYD → DEL,2026-04-18 10:42:41.702,2026-04-18 14:30:41.702,2026-04-18,228.0,228.0,228.0,0.0,False,False,False,False,False,False,False,False,False,False,False,False,False,True,False,Valid
Vistara|UK016|DEL|CCU|2026-04-18 10:42:41.701,UK016,Vistara,DEL,CCU,DEL → CCU,2026-04-18 10:42:41.701,2026-04-18 11:22:41.701,2026-04-18,40.0,40.0,40.0,0.0,False,False,False,False,False,False,False,False,False,False,False,False,False,True,False,Valid
Air India|AI127|DEL|HYD|2026-04-18 10:37:41.702,AI127,Air India,DEL,HYD,DEL → HYD,2026-04-18 10:37:41.702,2026-04-18 13:45:41.702,2026-04-18,188.0,188.0,188.0,0.0,False,False,False,False,False,False,False,False,False,False,False,False,False,True,False,Valid
SpiceJet|SJ096|DEL|HYD|2026-04-18 10:29:41.702,SJ096,SpiceJet,DEL,HYD,DEL → HYD,2026-04-18 10:29:41.702,2026-04-18 13:45:41.702,2026-04-18,196.0,196.0,196.0,0.0,False,False,False,False,False,False,False,False,False,False,False,False,False,True,False,Valid
IndiGo|6F048|HYD|DEL|2026-04-18 10:27:41.701,6F048,IndiGo,HYD,DEL,HYD → DEL,2026-04-18 10:27:41.701,2026-04-18 11:18:41.701,2026-04-18,51.0,51.0,51.0,0.0,False,False,False,False,False,False,False,False,False,False,False,False,False,True,False,Valid
SpiceJet|SJ090|HYD|MAA|2026-04-18 10:24:41.702,SJ090,SpiceJet,HYD,MAA,HYD → MAA,2026-04-18 10:24:41.702,2026-04-18 13:11:41.702,2026-04-18,167.0,167.0,167.0,0.0,False,False,False,False,False,False,False,False,False,False,False,False,False,True,False,Valid
Air India|AI014|HYD|MAA|2026-04-18 10:24:41.701,AI014,Air India,HYD,MAA,HYD → MAA,2026-04-18 10:24:41.701,2026-04-18 13:51:41.701,2026-04-18,207.0,207.0,207.0,0.0,False,False,False,False,False,False,False,False,False,False,False,False,False,True,False,Valid
IndiGo|6F131|BLR|HYD|2026-04-18 10:22:41.702,6F131,IndiGo,BLR,HYD,BLR → HYD,2026-04-18 10:22:41.702,2026-04-18 14:20:41.702,2026-04-18,238.0,238.0,238.0,0.0,False,False,False,False,False,False,False,False,False,False,False,False,False,True,False,Valid
Air India|AI130|BOM|BLR|2026-04-18 10:18:41.702,AI130,Air India,BOM,BLR,BOM → BLR,2026-04-18 10:18:41.702,2026-04-18 12:59:41.702,2026-04-18,161.0,161.0,161.0,0.0,False,False,False,False,False,False,False,False,False,False,False,False,False,True,False,Valid
Vistara|UK151|BOM|CCU|2026-04-18 10:11:41.703,UK151,Vistara,BOM,CCU,BOM → CCU,2026-04-18 10:11:41.703,2026-04-18 13:30:41.703,2026-04-18,199.0,199.0,199.0,0.0,False,False,False,False,False,False,False,False,False,False,False,False,False,True,False,Valid
IndiGo|6F165|BLR|BOM|2026-04-18 10:11:41.703,6F165,IndiGo,BLR,BOM,BLR → BOM,2026-04-18 10:11:41.703,2026-04-18 11:09:41.703,2026-04-18,58.0,58.0,58.0,0.0,False,False,False,False,False,False,False,False,False,False,False,False,False,True,False,Valid
Vistara|UK161|BLR|BOM|2026-04-18 10:05:41.703,UK161,Vistara,BLR,BOM,BLR → BOM,2026-04-18 10:05:41.703,2026-04-18 12:48:41.703,2026-04-18,163.0,163.0,163.0,0.0,False,False,False,False,False,False,False,False,False,False,False,False,False,True,False,Valid
Air India|AI107|HYD|CCU|2026-04-18 10:03:41.702,AI107,Air India,HYD,CCU,HYD → CCU,2026-04-18 10:03:41.702,2026-04-18 10:49:41.702,2026-04-18,46.0,46.0,46.0,0.0,False,False,False,False,False,False,False,False,False,False,False,False,False,True,False,Valid
SpiceJet|SJ104|HYD|DEL|2026-04-18 10:00:41.702,SJ104,SpiceJet,HYD,DEL,HYD → DEL,2026-04-18 10:00:41.702,2026-04-18 11:00:42.000,2026-04-18,60.00496666666666,60.00496666666666,60.00496666666666,0.0,False,False,False,False,False,False,False,False,False,False,False,False,False,True,False,Valid
Air India|AI042|CCU|DEL|2026-04-18 09:53:41.701,AI042,Air India,CCU,DEL,CCU → DEL,2026-04-18 09:53:41.701,2026-04-18 10:57:41.701,2026-04-18,64.0,64.0,64.0,0.0,False,False,False,False,False,False,False,False,False,False,False,False,False,True,False,Valid
IndiGo|6F266|CCU|MAA|2026-04-18 09:49:41.703,6F266,IndiGo,CCU,MAA,CCU → MAA,2026-04-18 09:49:41.703,2026-04-18 11:17:41.703,2026-04-18,88.0,88.0,88.0,0.0,False,False,False,False,False,False,False,False,False,False,False,False,False,True,False,Valid
IndiGo|6F138|HYD|BLR|2026-04-18 09:49:41.702,6F138,IndiGo,HYD,BLR,HYD → BLR,2026-04-18 09:49:41.702,2026-04-18 12:53:41.702,2026-04-18,184.0,184.0,184.0,0.0,False,False,False,False,False,False,False,False,False,False,False,False,False,True,False,Valid
SpiceJet|SJ219|BOM|DEL|2026-04-18 09:32:41.703,SJ219,SpiceJet,BOM,DEL,BOM → DEL,2026-04-18 09:32:41.703,2026-04-18 14:09:41.703,2026-04-18,277.0,277.0,277.0,0.0,False,False,False,False,False,False,False,False,False,False,False,False,False,True,False,Valid
Vistara|UK197|BLR|HYD|2026-04-18 09:22:41.703,UK197,Vistara,BLR,HYD,BLR → HYD,2026-04-18 09:22:41.703,2026-04-18 10:54:41.703,2026-04-18,92.0,92.0,92.0,0.0,False,False,False,False,False,False,False,False,False,False,False,False,False,True,False,Valid
IndiGo|6F119|DEL|BOM|2026-04-18 09:19:41.702,6F119,IndiGo,DEL,BOM,DEL → BOM,2026-04-18 09:19:41.702,2026-04-18 11:33:41.702,2026-04-18,134.0,134.0,134.0,0.0,False,False,False,False,False,False,False,False,False,False,False,False,False,True,False,Valid
SpiceJet|SJ058|DEL|HYD|2026-04-18 08:58:41.701,SJ058,SpiceJet,DEL,HYD,DEL → HYD,2026-04-18 08:58:41.701,2026-04-18 13:14:41.701,2026-04-18,256.0,256.0,256.0,0.0,False,False,False,False,False,False,False,False,False,False,False,False,False,True,False,Valid
Air India|AI218|BOM|CCU|2026-04-18 08:55:41.703,AI218,Air India,BOM,CCU,BOM → CCU,2026-04-18 08:55:41.703,2026-04-18 11:55:41.703,2026-04-18,180.0,180.0,180.0,0.0,False,False,False,False,False,False,False,False,False,False,False,False,False,True,False,Valid
SpiceJet|SJ060|HYD|CCU|2026-04-18 08:51:41.701,SJ060,SpiceJet,HYD,CCU,HYD → CCU,2026-04-18 08:51:41.701,2026-04-18 13:46:41.701,2026-04-18,295.0,295.0,295.0,0.0,False,False,False,False,False,False,False,False,False,False,False,False,False,True,False,Valid
Vistara|UK121|BLR|BOM|2026-04-18 08:36:41.702,UK121,Vistara,BLR,BOM,BLR → BOM,2026-04-18 08:36:41.702,2026-04-18 12:36:41.702,2026-04-18,240.0,240.0,240.0,0.0,False,False,False,False,False,False,False,False,False,False,False,False,False,True,False,Valid
IndiGo|6F208|CCU|BOM|2026-04-18 08:27:41.703,6F208,IndiGo,CCU,BOM,CCU → BOM,2026-04-18 08:27:41.703,2026-04-18 11:34:41.703,2026-04-18,187.0,187.0,187.0,0.0,False,False,False,False,False,False,False,False,False,False,False,False,False,True,False,Valid
IndiGo|6F153|CCU|BLR|2026-04-18 08:23:41.703,6F153,IndiGo,CCU,BLR,CCU → BLR,2026-04-18 08:23:41.703,2026-04-18 12:20:41.703,2026-04-18,237.0,237.0,237.0,0.0,False,False,False,False,False,False,False,False,False,False,False,False,False,True,False,Valid
Air India|AI117|HYD|BLR|2026-04-18 08:18:41.702,AI117,Air India,HYD,BLR,HYD → BLR,2026-04-18 08:18:41.702,2026-04-18 10:09:41.702,2026-04-18,111.0,111.0,111.0,0.0,False,False,False,False,False,False,False,False,False,False,False,False,False,True,False,Valid
SpiceJet|SJ113|BLR|BOM|2026-04-18 08:10:41.702,SJ113,SpiceJet,BLR,BOM,BLR → BOM,2026-04-18 08:10:41.702,2026-04-18 10:10:42.000,2026-04-18,120.00496666666666,120.00496666666666,120.00496666666666,0.0,False,False,False,False,False,False,False,False,False,False,False,False,False,True,False,Valid
Air India|AI191|BLR|MAA|2026-04-18 07:57:41.703,AI191,Air India,BLR,MAA,BLR → MAA,2026-04-18 07:57:41.703,2026-04-18 11:58:41.703,2026-04-18,241.0,241.0,241.0,0.0,False,False,False,False,False,False,False,False,False,False,False,False,False,True,False,Valid
IndiGo|6F267|DEL|MAA|2026-04-18 07:56:41.703,6F267,IndiGo,DEL,MAA,DEL → MAA,2026-04-18 07:56:41.703,2026-04-18 11:49:41.703,2026-04-18,233.0,233.0,233.0,0.0,False,False,False,False,False,False,False,False,False,False,False,False,False,True,False,Valid
IndiGo|6F185|CCU|DEL|2026-04-18 07:49:41.703,6F185,IndiGo,CCU,DEL,CCU → DEL,2026-04-18 07:49:41.703,2026-04-18 10:08:41.703,2026-04-18,139.0,139.0,139.0,0.0,False,False,False,False,False,False,False,False,False,False,False,False,False,True,False,Valid
Air India|AI114|CCU|DEL|2026-04-18 07:48:41.702,AI114,Air India,CCU,DEL,CCU → DEL,2026-04-18 07:48:41.702,2026-04-18 09:03:41.702,2026-04-18,75.0,75.0,75.0,0.0,False,False,False,False,False,False,False,False,False,False,False,False,False,True,False,Valid
IndiGo|6F155|DEL|BLR|2026-04-18 07:47:41.703,6F155,IndiGo,DEL,BLR,DEL → BLR,2026-04-18 07:47:41.703,2026-04-18 08:20:41.703,2026-04-18,33.0,33.0,33.0,0.0,False,False,False,False,False,False,False,False,False,False,False,False,False,True,False,Valid
Vistara|UK045|MAA|HYD|2026-04-18 07:43:41.701,UK045,Vistara,MAA,HYD,MAA → HYD,2026-04-18 07:43:41.701,2026-04-18 09:28:41.701,2026-04-18,105.0,105.0,105.0,0.0,False,False,False,False,False,False,False,False,False,False,False,False,False,True,False,Valid
Air India|AI111|MAA|CCU|2026-04-18 07:40:41.702,AI111,Air India,MAA,CCU,MAA → CCU,2026-04-18 07:40:41.702,2026-04-18 10:39:41.702,2026-04-18,179.0,179.0,179.0,0.0,False,False,False,False,False,False,False,False,False,False,False,False,False,True,False,Valid
Air India|AI156|CCU|BOM|2026-04-18 07:39:41.703,AI156,Air India,CCU,BOM,CCU → BOM,2026-04-18 07:39:41.703,2026-04-18 09:22:41.703,2026-04-18,103.0,103.0,103.0,0.0,False,False,False,False,False,False,False,False,False,False,False,False,False,True,False,Valid
SpiceJet|SJ128|CCU|BLR|2026-04-18 07:39:41.702,SJ128,SpiceJet,CCU,BLR,CCU → BLR,2026-04-18 07:39:41.702,2026-04-18 10:42:41.702,2026-04-18,183.0,183.0,183.0,0.0,False,False,False,False,False,False,False,False,False,False,False,False,False,True,False,Valid
Air India|AI104|MAA|HYD|2026-04-18 07:35:41.702,AI104,Air India,MAA,HYD,MAA → HYD,2026-04-18 07:35:41.702,2026-04-18 09:20:41.702,2026-04-18,105.0,105.0,105.0,0.0,False,False,False,False,False,False,False,False,False,False,False,False,False,True,False,Valid
IndiGo|6F225|HYD|CCU|2026-04-18 07:33:41.704,6F225,IndiGo,HYD,CCU,HYD → CCU,2026-04-18 07:33:41.704,2026-04-18 12:12:41.704,2026-04-18,279.0,279.0,279.0,0.0,False,False,False,False,False,False,False,False,False,False,False,False,False,True,False,Valid
IndiGo|6F033|DEL|HYD|2026-04-18 07:08:41.701,6F033,IndiGo,DEL,HYD,DEL → HYD,2026-04-18 07:08:41.701,2026-04-18 09:08:41.701,2026-04-18,120.0,120.0,120.0,0.0,False,False,False,False,False,False,False,False,False,False,False,False,False,True,False,Valid
IndiGo|6F244|MAA|CCU|2026-04-18 07:07:41.704,6F244,IndiGo,MAA,CCU,MAA → CCU,2026-04-18 07:07:41.704,2026-04-18 08:31:41.704,2026-04-18,84.0,84.0,84.0,0.0,False,False,False,False,False,False,False,False,False,False,False,False,False,True,False,Valid
Vistara|UK137|BOM|MAA|2026-04-18 07:04:41.703,UK137,Vistara,BOM,MAA,BOM → MAA,2026-04-18 07:04:41.703,2026-04-18 09:14:41.703,2026-04-18,130.0,130.0,130.0,0.0,False,False,False,False,False,False,False,False,False,False,False,False,False,True,False,Valid
Air India|AI063|HYD|BLR|2026-04-18 07:03:41.701,AI063,Air India,HYD,BLR,HYD → BLR,2026-04-18 07:03:41.701,2026-04-18 11:26:41.701,2026-04-18,263.0,263.0,263.0,0.0,False,False,False,False,False,False,False,False,False,False,False,False,False,True,False,Valid
SpiceJet|SJ156|BOM|DEL|2026-04-18 06:59:41.703,SJ156,SpiceJet,BOM,DEL,BOM → DEL,2026-04-18 06:59:41.703,2026-04-18 07:34:41.703,2026-04-18,35.0,35.0,35.0,0.0,False,False,False,False,False,False,False,False,False,False,False,False,False,True,False,Valid
Vistara|UK125|HYD|BOM|2026-04-18 06:58:41.702,UK125,Vistara,HYD,BOM,HYD → BOM,2026-04-18 06:58:41.702,2026-04-18 11:44:41.702,2026-04-18,286.0,286.0,286.0,0.0,False,False,False,False,False,False,False,False,False,False,False,False,False,True,False,Valid
Air India|AI232|DEL|BLR|2026-04-18 06:43:41.704,AI232,Air India,DEL,BLR,DEL → BLR,2026-04-18 06:43:41.704,2026-04-18 10:13:41.704,2026-04-18,210.0,210.0,210.0,0.0,False,False,False,False,False,False,False,False,False,False,False,False,False,True,False,Valid
Air India|AI167|BLR|DEL|2026-04-18 06:43:41.703,AI167,Air India,BLR,DEL,BLR → DEL,2026-04-18 06:43:41.703,2026-04-18 11:10:41.703,2026-04-18,267.0,267.0,267.0,0.0,False,False,False,False,False,False,False,False,False,False,False,False,False,True,False,Valid
Vistara|UK160|BLR|BOM|2026-04-18 06:42:41.703,UK160,Vistara,BLR,BOM,BLR → BOM,2026-04-18 06:42:41.703,2026-04-18 10:58:41.703,2026-04-18,256.0,256.0,256.0,0.0,False,False,False,False,False,False,False,False,False,False,False,False,False,True,False,Valid
Vistara|UK129|HYD|MAA|2026-04-18 06:29:41.702,UK129,Vistara,HYD,MAA,HYD → MAA,2026-04-18 06:29:41.702,2026-04-18 07:29:42.000,2026-04-18,60.00496666666666,60.00496666666666,60.00496666666666,0.0,False,False,False,False,False,False,False,False,False,False,False,False,False,True,False,Valid
SpiceJet|SJ230|BOM|CCU|2026-04-18 06:22:41.704,SJ230,SpiceJet,BOM,CCU,BOM → CCU,2026-04-18 06:22:41.704,2026-04-18 10:57:41.704,2026-04-18,275.0,275.0,275.0,0.0,False,False,False,False,False,False,False,False,False,False,False,False,False,True,False,Valid
SpiceJet|SJ056|HYD|DEL|2026-04-18 06:11:41.701,SJ056,SpiceJet,HYD,DEL,HYD → DEL,2026-04-18 06:11:41.701,2026-04-18 07:10:41.701,2026-04-18,59.0,59.0,59.0,0.0,False,False,False,False,False,False,False,False,False,False,False,False,False,True,False,Valid
SpiceJet|SJ137|CCU|DEL|2026-04-18 06:08:41.702,SJ137,SpiceJet,CCU,DEL,CCU → DEL,2026-04-18 06:08:41.702,2026-04-18 10:14:41.702,2026-04-18,246.0,246.0,246.0,0.0,False,False,False,False,False,False,False,False,False,False,False,False,False,True,False,Valid
IndiGo|6F081|MAA|BLR|2026-04-18 06:04:41.702,6F081,IndiGo,MAA,BLR,MAA → BLR,2026-04-18 06:04:41.702,2026-04-18 07:43:41.702,2026-04-18,99.0,99.0,99.0,0.0,False,False,False,False,False,False,False,False,False,False,False,False,False,True,False,Valid
IndiGo|6F088|CCU|BLR|2026-04-18 05:51:41.702,6F088,IndiGo,CCU,BLR,CCU → BLR,2026-04-18 05:51:41.702,2026-04-18 08:22:41.702,2026-04-18,151.0,151.0,151.0,0.0,False,False,False,False,False,False,False,False,False,False,False,False,False,True,False,Valid
IndiGo|6F121|HYD|MAA|2026-04-18 05:44:41.702,6F121,IndiGo,HYD,MAA,HYD → MAA,2026-04-18 05:44:41.702,2026-04-18 10:42:41.702,2026-04-18,298.0,298.0,298.0,0.0,False,False,False,False,False,False,False,False,False,False,False,False,False,True,False,Valid
Vistara|UK214|HYD|DEL|2026-04-18 05:30:41.704,UK214,Vistara,HYD,DEL,HYD → DEL,2026-04-18 05:30:41.704,2026-04-18 09:10:41.704,2026-04-18,220.0,220.0,220.0,0.0,False,False,False,False,False,False,False,False,False,False,False,False,False,True,False,Valid
IndiGo|6F060|DEL|BLR|2026-04-18 05:29:41.701,6F060,IndiGo,DEL,BLR,DEL → BLR,2026-04-18 05:29:41.701,2026-04-18 07:29:42.000,2026-04-18,120.00498333333333,120.00498333333333,120.00498333333333,0.0,False,False,False,False,False,False,False,False,False,False,False,False,False,True,False,Valid
SpiceJet|SJ101|CCU|DEL|2026-04-18 05:17:41.702,SJ101,SpiceJet,CCU,DEL,CCU → DEL,2026-04-18 05:17:41.702,2026-04-18 06:57:41.702,2026-04-18,100.0,100.0,100.0,0.0,False,False,False,False,False,False,False,False,False,False,False,False,False,True,False,Valid
Air India|AI017|CCU|BOM|2026-04-18 05:15:41.701,AI017,Air India,CCU,BOM,CCU → BOM,2026-04-18 05:15:41.701,2026-04-18 08:48:41.701,2026-04-18,213.0,213.0,213.0,0.0,False,False,False,False,False,False,False,False,False,False,False,False,False,True,False,Valid
IndiGo|6F120|BLR|BOM|2026-04-18 05:14:41.702,6F120,IndiGo,BLR,BOM,BLR → BOM,2026-04-18 05:14:41.702,2026-04-18 06:14:41.702,2026-04-18,60.0,60.0,60.0,0.0,False,False,False,False,False,False,False,False,False,False,False,False,False,True,False,Valid
IndiGo|6F217|BLR|BOM|2026-04-18 05:13:41.704,6F217,IndiGo,BLR,BOM,BLR → BOM,2026-04-18 05:13:41.704,2026-04-18 08:01:41.704,2026-04-18,168.0,168.0,168.0,0.0,False,False,False,False,False,False,False,False,False,False,False,False,False,True,False,Valid
Air India|AI194|MAA|BLR|2026-04-18 05:09:41.703,AI194,Air India,MAA,BLR,MAA → BLR,2026-04-18 05:09:41.703,2026-04-18 09:38:41.703,2026-04-18,269.0,269.0,269.0,0.0,False,False,False,False,False,False,False,False,False,False,False,False,False,True,False,Valid
Air India|AI095|DEL|MAA|2026-04-18 05:00:41.702,AI095,Air India,DEL,MAA,DEL → MAA,2026-04-18 05:00:41.702,2026-04-18 08:18:41.702,2026-04-18,198.0,198.0,198.0,0.0,False,False,False,False,False,False,False,False,False,False,False,False,False,True,False,Valid
SpiceJet|SJ190|BOM|CCU|2026-04-18 04:57:41.703,SJ190,SpiceJet,BOM,CCU,BOM → CCU,2026-04-18 04:57:41.703,2026-04-18 09:25:41.703,2026-04-18,268.0,268.0,268.0,0.0,False,False,False,False,False,False,False,False,False,False,False,False,False,True,False,Valid
IndiGo|6F139|HYD|MAA|2026-04-18 04:55:41.702,6F139,IndiGo,HYD,MAA,HYD → MAA,2026-04-18 04:55:41.702,2026-04-18 08:17:41.702,2026-04-18,202.0,202.0,202.0,0.0,False,False,False,False,False,False,False,False,False,False,False,False,False,True,False,Valid
IndiGo|6F062|CCU|DEL|2026-04-18 04:55:41.701,6F062,IndiGo,CCU,DEL,CCU → DEL,2026-04-18 04:55:41.701,2026-04-18 06:22:41.701,2026-04-18,87.0,87.0,87.0,0.0,False,False,False,False,False,False,False,False,False,False,False,False,False,True,False,Valid
Vistara|UK011|CCU|DEL|2026-04-18 04:41:41.701,UK011,Vistara,CCU,DEL,CCU → DEL,2026-04-18 04:41:41.701,2026-04-18 06:25:41.701,2026-04-18,104.0,104.0,104.0,0.0,False,False,False,False,False,False,False,False,False,False,False,False,False,True,False,Valid
IndiGo|6F100|BOM|BLR|2026-04-18 04:40:41.702,6F100,IndiGo,BOM,BLR,BOM → BLR,2026-04-18 04:40:41.702,2026-04-18 07:49:41.702,2026-04-18,189.0,189.0,189.0,0.0,False,False,False,False,False,False,False,False,False,False,False,False,False,True,False,Valid
IndiGo|6F228|HYD|MAA|2026-04-18 04:36:41.704,6F228,IndiGo,HYD,MAA,HYD → MAA,2026-04-18 04:36:41.704,2026-04-18 09:27:41.704,2026-04-18,291.0,291.0,291.0,0.0,False,False,False,False,False,False,False,False,False,False,False,False,False,True,False,Valid
Vistara|UK033|HYD|DEL|2026-04-18 04:34:41.701,UK033,Vistara,HYD,DEL,HYD → DEL,2026-04-18 04:34:41.701,2026-04-18 09:18:41.701,2026-04-18,284.0,284.0,284.0,0.0,False,False,False,False,False,False,False,False,False,False,False,False,False,True,False,Valid
SpiceJet|SJ231|DEL|BLR|2026-04-18 04:23:41.704,SJ231,SpiceJet,DEL,BLR,DEL → BLR,2026-04-18 04:23:41.704,2026-04-18 05:48:41.704,2026-04-18,85.0,85.0,85.0,0.0,False,False,False,False,False,False,False,False,False,False,False,False,False,True,False,Valid
Air India|AI166|BOM|CCU|2026-04-18 04:20:41.703,AI166,Air India,BOM,CCU,BOM → CCU,2026-04-18 04:20:41.703,2026-04-18 07:23:41.703,2026-04-18,183.0,183.0,183.0,0.0,False,False,False,False,False,False,False,False,False,False,False,False,False,True,False,Valid
SpiceJet|SJ176|DEL|BOM|2026-04-18 04:15:41.703,SJ176,SpiceJet,DEL,BOM,DEL → BOM,2026-04-18 04:15:41.703,2026-04-18 06:17:41.703,2026-04-18,122.0,122.0,122.0,0.0,False,False,False,False,False,False,False,False,False,False,False,False,False,True,False,Valid
SpiceJet|SJ065|MAA|BLR|2026-04-18 04:10:41.701,SJ065,SpiceJet,MAA,BLR,MAA → BLR,2026-04-18 04:10:41.701,2026-04-18 06:54:41.701,2026-04-18,164.0,164.0,164.0,0.0,False,False,False,False,False,False,False,False,False,False,False,False,False,True,False,Valid
IndiGo|6F160|MAA|BLR|2026-04-18 04:09:41.703,6F160,IndiGo,MAA,BLR,MAA → BLR,2026-04-18 04:09:41.703,2026-04-18 08:26:41.703,2026-04-18,257.0,257.0,257.0,0.0,False,False,False,False,False,False,False,False,False,False,False,False,False,True,False,Valid
Air India|AI089|CCU|BOM|2026-04-18 04:05:41.702,AI089,Air India,CCU,BOM,CCU → BOM,2026-04-18 04:05:41.702,2026-04-18 04:47:41.702,2026-04-18,42.0,42.0,42.0,0.0,False,False,False,False,False,False,False,False,False,False,False,False,False,True,False,Valid
Vistara|UK226|MAA|HYD|2026-04-18 03:58:41.704,UK226,Vistara,MAA,HYD,MAA → HYD,2026-04-18 03:58:41.704,2026-04-18 05:01:41.704,2026-04-18,63.0,63.0,63.0,0.0,False,False,False,False,False,False,False,False,False,False,False,False,False,True,False,Valid
SpiceJet|SJ123|BOM|CCU|2026-04-18 03:57:41.702,SJ123,SpiceJet,BOM,CCU,BOM → CCU,2026-04-18 03:57:41.702,2026-04-18 05:25:41.702,2026-04-18,88.0,88.0,88.0,0.0,False,False,False,False,False,False,False,False,False,False,False,False,False,True,False,Valid
Air India|AI054|HYD|CCU|2026-04-18 03:44:41.701,AI054,Air India,HYD,CCU,HYD → CCU,2026-04-18 03:44:41.701,2026-04-18 08:10:41.701,2026-04-18,266.0,266.0,266.0,0.0,False,False,False,False,False,False,False,False,False,False,False,False,False,True,False,Valid
Vistara|UK019|BOM|HYD|2026-04-18 03:41:41.701,UK019,Vistara,BOM,HYD,BOM → HYD,2026-04-18 03:41:41.701,2026-04-18 04:35:41.701,2026-04-18,54.0,54.0,54.0,0.0,False,False,False,False,False,False,False,False,False,False,False,False,False,True,False,Valid
Vistara|UK032|BLR|BOM|2026-04-18 03:31:41.701,UK032,Vistara,BLR,BOM,BLR → BOM,2026-04-18 03:31:41.701,2026-04-18 07:28:41.701,2026-04-18,237.0,237.0,237.0,0.0,False,False,False,False,False,False,False,False,False,False,False,False,False,True,False,Valid
SpiceJet|SJ100|MAA|BLR|2026-04-18 03:28:41.702,SJ100,SpiceJet,MAA,BLR,MAA → BLR,2026-04-18 03:28:41.702,2026-04-18 06:50:41.702,2026-04-18,202.0,202.0,202.0,0.0,False,False,False,False,False,False,False,False,False,False,False,False,False,True,False,Valid
SpiceJet|SJ094|MAA|HYD|2026-04-18 03:23:41.702,SJ094,SpiceJet,MAA,HYD,MAA → HYD,2026-04-18 03:23:41.702,2026-04-18 08:07:41.702,2026-04-18,284.0,284.0,284.0,0.0,False,False,False,False,False,False,False,False,False,False,False,False,False,True,False,Valid
IndiGo|6F101|BOM|MAA|2026-04-18 03:18:41.702,6F101,IndiGo,BOM,MAA,BOM → MAA,2026-04-18 03:18:41.702,2026-04-18 08:15:41.702,2026-04-18,297.0,297.0,297.0,0.0,False,False,False,False,False,False,False,False,False,False,False,False,False,True,False,Valid
IndiGo|6F006|BOM|BLR|2026-04-18 03:06:41.701,6F006,IndiGo,BOM,BLR,BOM → BLR,2026-04-18 03:06:41.701,2026-04-18 05:06:42.000,2026-04-18,120.00498333333333,120.00498333333333,120.00498333333333,0.0,False,False,False,False,False,False,False,False,False,False,False,False,False,True,False,Valid
Air India|AI006|BOM|BLR|2026-04-18 03:04:41.701,AI006,Air India,BOM,BLR,BOM → BLR,2026-04-18 03:04:41.701,2026-04-18 05:54:41.701,2026-04-18,170.0,170.0,170.0,0.0,False,False,False,False,False,False,False,False,False,False,False,False,False,True,False,Valid
Air India|AI195|CCU|MAA|2026-04-18 02:58:41.703,AI195,Air India,CCU,MAA,CCU → MAA,2026-04-18 02:58:41.703,2026-04-18 04:57:41.703,2026-04-18,119.0,119.0,119.0,0.0,False,False,False,False,False,False,False,False,False,False,False,False,False,True,False,Valid
Vistara|UK072|BOM|BLR|2026-04-18 02:55:41.702,UK072,Vistara,BOM,BLR,BOM → BLR,2026-04-18 02:55:41.702,2026-04-18 05:55:42.000,2026-04-18,180.0049666666667,180.0049666666667,180.0049666666667,0.0,False,False,False,False,False,False,False,False,False,False,False,False,False,True,False,Valid
Air India|AI244|BLR|BOM|2026-04-18 02:50:41.704,AI244,Air India,BLR,BOM,BLR → BOM,2026-04-18 02:50:41.704,2026-04-18 03:25:41.704,2026-04-18,35.0,35.0,35.0,0.0,False,False,False,False,False,False,False,False,False,False,False,False,False,True,False,Valid
SpiceJet|SJ059|CCU|DEL|2026-04-18 02:50:41.701,SJ059,SpiceJet,CCU,DEL,CCU → DEL,2026-04-18 02:50:41.701,2026-04-18 04:06:41.701,2026-04-18,76.0,76.0,76.0,0.0,False,False,False,False,False,False,False,False,False,False,False,False,False,True,False,Valid
SpiceJet|SJ009|CCU|BLR|2026-04-18 02:48:41.701,SJ009,SpiceJet,CCU,BLR,CCU → BLR,2026-04-18 02:48:41.701,2026-04-18 04:23:41.701,2026-04-18,95.0,95.0,95.0,0.0,False,False,False,False,False,False,False,False,False,False,False,False,False,True,False,Valid
Air India|AI121|HYD|MAA|2026-04-18 02:42:41.702,AI121,Air India,HYD,MAA,HYD → MAA,2026-04-18 02:42:41.702,2026-04-18 06:11:41.702,2026-04-18,209.0,209.0,209.0,0.0,False,False,False,False,False,False,False,False,False,False,False,False,False,True,False,Valid
IndiGo|6F265|DEL|HYD|2026-04-18 02:27:41.703,6F265,IndiGo,DEL,HYD,DEL → HYD,2026-04-18 02:27:41.703,2026-04-18 03:24:41.703,2026-04-18,57.0,57.0,57.0,0.0,False,False,False,False,False,False,False,False,False,False,False,False,False,True,False,Valid
IndiGo|6F110|HYD|DEL|2026-04-18 02:27:41.702,6F110,IndiGo,HYD,DEL,HYD → DEL,2026-04-18 02:27:41.702,2026-04-18 05:48:41.702,2026-04-18,201.0,201.0,201.0,0.0,False,False,False,False,False,False,False,False,False,False,False,False,False,True,False,Valid
Vistara|UK018|BOM|CCU|2026-04-18 02:15:41.701,UK018,Vistara,BOM,CCU,BOM → CCU,2026-04-18 02:15:41.701,2026-04-18 04:08:41.701,2026-04-18,113.0,113.0,113.0,0.0,False,False,False,False,False,False,False,False,False,False,False,False,False,True,False,Valid
IndiGo|6F072|BLR|CCU|2026-04-18 02:14:41.702,6F072,IndiGo,BLR,CCU,BLR → CCU,2026-04-18 02:14:41.702,2026-04-18 03:11:41.702,2026-04-18,57.0,57.0,57.0,0.0,False,False,False,False,False,False,False,False,False,False,False,False,False,True,False,Valid
IndiGo|6F159|CCU|BOM|2026-04-18 02:08:41.703,6F159,IndiGo,CCU,BOM,CCU → BOM,2026-04-18 02:08:41.703,2026-04-18 02:43:41.703,2026-04-18,35.0,35.0,35.0,0.0,False,False,False,False,False,False,False,False,False,False,False,False,False,True,False,Valid
IndiGo|6F095|BLR|MAA|2026-04-18 01:53:41.702,6F095,IndiGo,BLR,MAA,BLR → MAA,2026-04-18 01:53:41.702,2026-04-18 05:34:41.702,2026-04-18,221.0,221.0,221.0,0.0,False,False,False,False,False,False,False,False,False,False,False,False,False,True,False,Valid
SpiceJet|SJ129|CCU|BOM|2026-04-18 01:48:41.702,SJ129,SpiceJet,CCU,BOM,CCU → BOM,2026-04-18 01:48:41.702,2026-04-18 05:48:41.702,2026-04-18,240.0,240.0,240.0,0.0,False,False,False,False,False,False,False,False,False,False,False,False,False,True,False,Valid
Vistara|UK039|HYD|BOM|2026-04-18 01:40:41.701,UK039,Vistara,HYD,BOM,HYD → BOM,2026-04-18 01:40:41.701,2026-04-18 02:53:41.701,2026-04-18,73.0,73.0,73.0,0.0,False,False,False,False,False,False,False,False,False,False,False,False,False,True,False,Valid
IndiGo|6F130|DEL|HYD|2026-04-18 01:27:41.702,6F130,IndiGo,DEL,HYD,DEL → HYD,2026-04-18 01:27:41.702,2026-04-18 02:45:41.702,2026-04-18,78.0,78.0,78.0,0.0,False,False,False,False,False,False,False,False,False,False,False,False,False,True,False,Valid
IndiGo|6F247|DEL|HYD|2026-04-18 01:27:41.702,6F247,IndiGo,DEL,HYD,DEL → HYD,2026-04-18 01:27:41.702,2026-04-18 02:45:41.702,2026-04-18,78.0,78.0,78.0,0.0,False,False,False,False,False,False,False,False,False,False,False,False,False,True,False,Valid
SpiceJet|SJ233|DEL|HYD|2026-04-18 01:18:41.704,SJ233,SpiceJet,DEL,HYD,DEL → HYD,2026-04-18 01:18:41.704,2026-04-18 02:56:41.704,2026-04-18,98.0,98.0,98.0,0.0,False,False,False,False,False,False,False,False,False,False,False,False,False,True,False,Valid
IndiGo|6F231|HYD|MAA|2026-04-18 01:16:41.704,6F231,IndiGo,HYD,MAA,HYD → MAA,2026-04-18 01:16:41.704,2026-04-18 05:43:41.704,2026-04-18,267.0,267.0,267.0,0.0,False,False,False,False,False,False,False,False,False,False,False,False,False,True,False,Valid
Air India|AI125|CCU|DEL|2026-04-18 01:12:41.702,AI125,Air India,CCU,DEL,CCU → DEL,2026-04-18 01:12:41.702,2026-04-18 04:51:41.702,2026-04-18,219.0,219.0,219.0,0.0,False,False,False,False,False,False,False,False,False,False,False,False,False,True,False,Valid
IndiGo|6F102|HYD|MAA|2026-04-18 01:10:41.702,6F102,IndiGo,HYD,MAA,HYD → MAA,2026-04-18 01:10:41.702,2026-04-18 02:24:41.702,2026-04-18,74.0,74.0,74.0,0.0,False,False,False,False,False,False,False,False,False,False,False,False,False,True,False,Valid
Vistara|UK078|BOM|HYD|2026-04-18 01:03:41.702,UK078,Vistara,BOM,HYD,BOM → HYD,2026-04-18 01:03:41.702,2026-04-18 04:32:41.702,2026-04-18,209.0,209.0,209.0,0.0,False,False,False,False,False,False,False,False,False,False,False,False,False,True,False,Valid
Vistara|UK043|DEL|HYD|2026-04-18 00:48:41.701,UK043,Vistara,DEL,HYD,DEL → HYD,2026-04-18 00:48:41.701,2026-04-18 04:52:41.701,2026-04-18,244.0,244.0,244.0,0.0,False,False,False,False,False,False,False,False,False,False,False,False,False,True,False,Valid
Air India|AI144|MAA|BOM|2026-04-18 00:43:41.702,AI144,Air India,MAA,BOM,MAA → BOM,2026-04-18 00:43:41.702,2026-04-18 03:36:41.702,2026-04-18,173.0,173.0,173.0,0.0,False,False,False,False,False,False,False,False,False,False,False,False,False,True,False,Valid
Vistara|UK054|BLR|BOM|2026-04-18 00:37:41.701,UK054,Vistara,BLR,BOM,BLR → BOM,2026-04-18 00:37:41.701,2026-04-18 05:30:41.701,2026-04-18,293.0,293.0,293.0,0.0,False,False,False,False,False,False,False,False,False,False,False,False,False,True,False,Valid
Vistara|UK108|DEL|BLR|2026-04-18 00:28:41.702,UK108,Vistara,DEL,BLR,DEL → BLR,2026-04-18 00:28:41.702,2026-04-18 03:46:41.702,2026-04-18,198.0,198.0,198.0,0.0,False,False,False,False,False,False,False,False,False,False,False,False,False,True,False,Valid
IndiGo|6F008|DEL|BOM|2026-04-18 00:14:41.701,6F008,IndiGo,DEL,BOM,DEL → BOM,2026-04-18 00:14:41.701,2026-04-18 04:59:41.701,2026-04-18,285.0,285.0,285.0,0.0,False,False,False,False,False,False,False,False,False,False,False,False,False,True,False,Valid
IndiGo|6F106|BOM|CCU|2026-04-18 00:10:41.702,6F106,IndiGo,BOM,CCU,BOM → CCU,2026-04-18 00:10:41.702,2026-04-18 01:52:41.702,2026-04-18,102.0,102.0,102.0,0.0,False,False,False,False,False,False,False,False,False,False,False,False,False,True,False,Valid
Air India|AI203|BOM|CCU|2026-04-18 00:09:41.703,AI203,Air India,BOM,CCU,BOM → CCU,2026-04-18 00:09:41.703,2026-04-18 02:56:41.703,2026-04-18,167.0,167.0,167.0,0.0,False,False,False,False,False,False,False,False,False,False,False,False,False,True,False,Valid
Air India|AI065|MAA|BLR|2026-04-18 00:09:41.701,AI065,Air India,MAA,BLR,MAA → BLR,2026-04-18 00:09:41.701,2026-04-18 05:00:41.701,2026-04-18,291.0,291.0,291.0,0.0,False,False,False,False,False,False,False,False,False,False,False,False,False,True,False,Valid
Vistara|UK053|BLR|BOM|2026-04-17 23:56:41.701,UK053,Vistara,BLR,BOM,BLR → BOM,2026-04-17 23:56:41.701,2026-04-18 02:46:41.701,2026-04-17,170.0,170.0,170.0,0.0,True,False,False,False,False,False,False,False,False,False,False,False,False,True,False,Valid
Vistara|UK086|CCU|BLR|2026-04-17 23:55:41.702,UK086,Vistara,CCU,BLR,CCU → BLR,2026-04-17 23:55:41.702,2026-04-18 02:27:41.702,2026-04-17,152.0,152.0,152.0,0.0,True,False,False,False,False,False,False,False,False,False,False,False,False,True,False,Valid
SpiceJet|SJ223|HYD|MAA|2026-04-17 23:54:41.703,SJ223,SpiceJet,HYD,MAA,HYD → MAA,2026-04-17 23:54:41.703,2026-04-18 01:08:41.703,2026-04-17,74.0,74.0,74.0,0.0,True,False,False,False,False,False,False,False,False,False,False,False,False,True,False,Valid
IndiGo|6F069|MAA|BLR|2026-04-17 23:44:41.701,6F069,IndiGo,MAA,BLR,MAA → BLR,2026-04-17 23:44:41.701,2026-04-18 03:17:41.701,2026-04-17,213.0,213.0,213.0,0.0,True,False,False,False,False,False,False,False,False,False,False,False,False,True,False,Valid
IndiGo|6F032|DEL|BOM|2026-04-17 23:43:41.701,6F032,IndiGo,DEL,BOM,DEL → BOM,2026-04-17 23:43:41.701,2026-04-18 02:22:41.701,2026-04-17,159.0,159.0,159.0,0.0,True,False,False,False,False,False,False,False,False,False,False,False,False,True,False,Valid
Vistara|UK178|DEL|BLR|2026-04-17 23:41:41.703,UK178,Vistara,DEL,BLR,DEL → BLR,2026-04-17 23:41:41.703,2026-04-18 04:09:41.703,2026-04-17,268.0,268.0,268.0,0.0,True,False,False,False,False,False,False,False,False,False,False,False,False,True,False,Valid
IndiGo|6F108|DEL|HYD|2026-04-17 23:41:41.702,6F108,IndiGo,DEL,HYD,DEL → HYD,2026-04-17 23:41:41.702,2026-04-18 03:23:41.702,2026-04-17,222.0,222.0,222.0,0.0,True,False,False,False,False,False,False,False,False,False,False,False,False,True,False,Valid
Vistara|UK147|CCU|DEL|2026-04-17 23:35:41.703,UK147,Vistara,CCU,DEL,CCU → DEL,2026-04-17 23:35:41.703,2026-04-18 02:55:41.703,2026-04-17,200.0,200.0,200.0,0.0,True,False,False,False,False,False,False,False,False,False,False,False,False,True,False,Valid
Air India|AI187|BLR|HYD|2026-04-17 23:32:41.703,AI187,Air India,BLR,HYD,BLR → HYD,2026-04-17 23:32:41.703,2026-04-18 01:16:41.703,2026-04-17,104.0,104.0,104.0,0.0,True,False,False,False,False,False,False,False,False,False,False,False,False,True,False,Valid
Vistara|UK213|BOM|CCU|2026-04-17 23:21:41.704,UK213,Vistara,BOM,CCU,BOM → CCU,2026-04-17 23:21:41.704,2026-04-18 01:01:41.704,2026-04-17,100.0,100.0,100.0,0.0,True,False,False,False,False,False,False,False,False,False,False,False,False,True,False,Valid
Air India|AI035|DEL|MAA|2026-04-17 23:17:41.701,AI035,Air India,DEL,MAA,DEL → MAA,2026-04-17 23:17:41.701,2026-04-18 00:48:41.701,2026-04-17,91.0,91.0,91.0,0.0,True,False,False,False,False,False,False,False,False,False,False,False,False,True,False,Valid
Vistara|UK186|BOM|BLR|2026-04-17 23:05:41.703,UK186,Vistara,BOM,BLR,BOM → BLR,2026-04-17 23:05:41.703,2026-04-18 02:22:41.703,2026-04-17,197.0,197.0,197.0,0.0,True,False,False,False,False,False,False,False,False,False,False,False,False,True,False,Valid
IndiGo|6F045|BOM|HYD|2026-04-17 23:04:41.701,6F045,IndiGo,BOM,HYD,BOM → HYD,2026-04-17 23:04:41.701,2026-04-18 03:38:41.701,2026-04-17,274.0,274.0,274.0,0.0,True,False,False,False,False,False,False,False,False,False,False,False,False,True,False,Valid
Vistara|UK025|DEL|BOM|2026-04-17 22:55:41.701,UK025,Vistara,DEL,BOM,DEL → BOM,2026-04-17 22:55:41.701,2026-04-18 02:47:41.701,2026-04-17,232.0,232.0,232.0,0.0,True,False,False,False,False,False,False,False,False,False,False,False,False,True,False,Valid
Vistara|UK162|BOM|CCU|2026-04-17 22:47:41.703,UK162,Vistara,BOM,CCU,BOM → CCU,2026-04-17 22:47:41.703,2026-04-18 00:21:41.703,2026-04-17,94.0,94.0,94.0,0.0,True,False,False,False,False,False,False,False,False,False,False,False,False,True,False,Valid
Air India|AI157|BLR|CCU|2026-04-17 22:45:41.703,AI157,Air India,BLR,CCU,BLR → CCU,2026-04-17 22:45:41.703,2026-04-18 01:33:41.703,2026-04-17,168.0,168.0,168.0,0.0,True,False,False,False,False,False,False,False,False,False,False,False,False,True,False,Valid
IndiGo|6F096|MAA|BLR|2026-04-17 22:45:41.702,6F096,IndiGo,MAA,BLR,MAA → BLR,2026-04-17 22:45:41.702,2026-04-18 02:58:41.702,2026-04-17,253.0,253.0,253.0,0.0,True,False,False,False,False,False,False,False,False,False,False,False,False,True,False,Valid
SpiceJet|SJ229|CCU|DEL|2026-04-17 22:25:41.704,SJ229,SpiceJet,CCU,DEL,CCU → DEL,2026-04-17 22:25:41.704,2026-04-18 00:27:41.704,2026-04-17,122.0,122.0,122.0,0.0,True,False,False,False,False,False,False,False,False,False,False,False,False,True,False,Valid
Air India|AI214|CCU|DEL|2026-04-17 22:23:41.703,AI214,Air India,CCU,DEL,CCU → DEL,2026-04-17 22:23:41.703,2026-04-18 02:49:41.703,2026-04-17,266.0,266.0,266.0,0.0,True,False,False,False,False,False,False,False,False,False,False,False,False,True,False,Valid
IndiGo|6F205|HYD|BOM|2026-04-17 22:16:41.703,6F205,IndiGo,HYD,BOM,HYD → BOM,2026-04-17 22:16:41.703,2026-04-18 00:02:41.703,2026-04-17,106.0,106.0,106.0,0.0,True,False,False,False,False,False,False,False,False,False,False,False,False,True,False,Valid
SpiceJet|SJ157|DEL|HYD|2026-04-17 22:11:41.703,SJ157,SpiceJet,DEL,HYD,DEL → HYD,2026-04-17 22:11:41.703,2026-04-18 01:05:41.703,2026-04-17,174.0,174.0,174.0,0.0,True,False,False,False,False,False,False,False,False,False,False,False,False,True,False,Valid
Vistara|UK114|HYD|CCU|2026-04-17 22:10:41.702,UK114,Vistara,HYD,CCU,HYD → CCU,2026-04-17 22:10:41.702,2026-04-17 23:58:41.702,2026-04-17,108.0,108.0,108.0,0.0,False,False,False,False,False,False,False,False,False,False,False,False,False,True,False,Valid
IndiGo|6F054|HYD|BLR|2026-04-17 22:00:41.701,6F054,IndiGo,HYD,BLR,HYD → BLR,2026-04-17 22:00:41.701,2026-04-18 01:25:41.701,2026-04-17,205.0,205.0,205.0,0.0,True,False,False,False,False,False,False,False,False,False,False,False,False,True,False,Valid
IndiGo|6F216|BLR|DEL|2026-04-17 21:58:41.704,6F216,IndiGo,BLR,DEL,BLR → DEL,2026-04-17 21:58:41.704,2026-04-18 02:51:41.704,2026-04-17,293.0,293.0,293.0,0.0,True,False,False,False,False,False,False,False,False,False,False,False,False,True,False,Valid
Air India|AI231|DEL|HYD|2026-04-17 21:52:41.704,AI231,Air India,DEL,HYD,DEL → HYD,2026-04-17 21:52:41.704,2026-04-17 23:51:41.704,2026-04-17,119.0,119.0,119.0,0.0,False,False,False,False,False,False,False,False,False,False,False,False,False,True,False,Valid
Vistara|UK103|MAA|DEL|2026-04-17 21:52:41.702,UK103,Vistara,MAA,DEL,MAA → DEL,2026-04-17 21:52:41.702,2026-04-18 01:06:41.702,2026-04-17,194.0,194.0,194.0,0.0,True,False,False,False,False,False,False,False,False,False,False,False,False,True,False,Valid
Air India|AI066|HYD|MAA|2026-04-17 21:51:41.701,AI066,Air India,HYD,MAA,HYD → MAA,2026-04-17 21:51:41.701,2026-04-18 00:11:41.701,2026-04-17,140.0,140.0,140.0,0.0,True,False,False,False,False,False,False,False,False,False,False,False,False,True,False,Valid
IndiGo|6F186|HYD|BOM|2026-04-17 21:48:41.703,6F186,IndiGo,HYD,BOM,HYD → BOM,2026-04-17 21:48:41.703,2026-04-18 02:02:41.703,2026-04-17,254.0,254.0,254.0,0.0,True,False,False,False,False,False,False,False,False,False,False,False,False,True,False,Valid
Air India|AI021|DEL|HYD|2026-04-17 21:39:41.701,AI021,Air India,DEL,HYD,DEL → HYD,2026-04-17 21:39:41.701,2026-04-18 01:38:41.701,2026-04-17,239.0,239.0,239.0,0.0,True,False,False,False,False,False,False,False,False,False,False,False,False,True,False,Valid
Air India|AI113|CCU|HYD|2026-04-17 21:21:41.702,AI113,Air India,CCU,HYD,CCU → HYD,2026-04-17 21:21:41.702,2026-04-17 23:51:41.702,2026-04-17,150.0,150.0,150.0,0.0,False,False,False,False,False,False,False,False,False,False,False,False,False,True,False,Valid
SpiceJet|SJ031|DEL|BOM|2026-04-17 21:20:41.701,SJ031,SpiceJet,DEL,BOM,DEL → BOM,2026-04-17 21:20:41.701,2026-04-17 22:29:41.701,2026-04-17,69.0,69.0,69.0,0.0,False,False,False,False,False,False,False,False,False,False,False,False,False,True,False,Valid
Vistara|UK217|MAA|CCU|2026-04-17 21:19:41.704,UK217,Vistara,MAA,CCU,MAA → CCU,2026-04-17 21:19:41.704,2026-04-17 22:14:41.704,2026-04-17,55.0,55.0,55.0,0.0,False,False,False,False,False,False,False,False,False,False,False,False,False,True,False,Valid
SpiceJet|SJ120|MAA|BLR|2026-04-17 21:19:41.702,SJ120,SpiceJet,MAA,BLR,MAA → BLR,2026-04-17 21:19:41.702,2026-04-18 00:56:41.702,2026-04-17,217.0,217.0,217.0,0.0,True,False,False,False,False,False,False,False,False,False,False,False,False,True,False,Valid
Vistara|UK180|CCU|MAA|2026-04-17 21:18:41.703,UK180,Vistara,CCU,MAA,CCU → MAA,2026-04-17 21:18:41.703,2026-04-17 23:29:41.703,2026-04-17,131.0,131.0,131.0,0.0,False,False,False,False,False,False,False,False,False,False,False,False,False,True,False,Valid
IndiGo|6F242|BLR|MAA|2026-04-17 21:10:41.704,6F242,IndiGo,BLR,MAA,BLR → MAA,2026-04-17 21:10:41.704,2026-04-18 01:04:41.704,2026-04-17,234.0,234.0,234.0,0.0,True,False,False,False,False,False,False,False,False,False,False,False,False,True,False,Valid
Vistara|UK080|BLR|MAA|2026-04-17 21:09:41.702,UK080,Vistara,BLR,MAA,BLR → MAA,2026-04-17 21:09:41.702,2026-04-17 22:29:41.702,2026-04-17,80.0,80.0,80.0,0.0,False,False,False,False,False,False,False,False,False,False,False,False,False,True,False,Valid
SpiceJet|SJ124|HYD|DEL|2026-04-17 21:05:41.702,SJ124,SpiceJet,HYD,DEL,HYD → DEL,2026-04-17 21:05:41.702,2026-04-18 01:12:41.702,2026-04-17,247.0,247.0,247.0,0.0,True,False,False,False,False,False,False,False,False,False,False,False,False,True,False,Valid
SpiceJet|SJ115|BOM|HYD|2026-04-17 21:05:41.702,SJ115,SpiceJet,BOM,HYD,BOM → HYD,2026-04-17 21:05:41.702,2026-04-17 23:10:41.702,2026-04-17,125.0,125.0,125.0,0.0,False,False,False,False,False,False,False,False,False,False,False,False,False,True,False,Valid
Air India|AI081|CCU|BOM|2026-04-17 21:03:41.702,AI081,Air India,CCU,BOM,CCU → BOM,2026-04-17 21:03:41.702,2026-04-17 22:51:41.702,2026-04-17,108.0,108.0,108.0,0.0,False,False,False,False,False,False,False,False,False,False,False,False,False,True,False,Valid
Air India|AI142|BOM|DEL|2026-04-17 20:49:41.702,AI142,Air India,BOM,DEL,BOM → DEL,2026-04-17 20:49:41.702,2026-04-17 23:03:41.702,2026-04-17,134.0,134.0,134.0,0.0,False,False,False,False,False,False,False,False,False,False,False,False,False,True,False,Valid
Vistara|UK052|BLR|CCU|2026-04-17 20:48:41.701,UK052,Vistara,BLR,CCU,BLR → CCU,2026-04-17 20:48:41.701,2026-04-17 21:40:41.701,2026-04-17,52.0,52.0,52.0,0.0,False,False,False,False,False,False,False,False,False,False,False,False,False,True,False,Valid
Vistara|UK014|HYD|MAA|2026-04-17 20:41:41.701,UK014,Vistara,HYD,MAA,HYD → MAA,2026-04-17 20:41:41.701,2026-04-17 22:06:41.701,2026-04-17,85.0,85.0,85.0,0.0,False,False,False,False,False,False,False,False,False,False,False,False,False,True,False,Valid
Air India|AI230|CCU|BLR|2026-04-17 20:37:41.704,AI230,Air India,CCU,BLR,CCU → BLR,2026-04-17 20:37:41.704,2026-04-18 00:22:41.704,2026-04-17,225.0,225.0,225.0,0.0,True,False,False,False,False,False,False,False,False,False,False,False,False,True,False,Valid
IndiGo|6F268|DEL|MAA|2026-04-17 20:29:41.701,6F268,IndiGo,DEL,MAA,DEL → MAA,2026-04-17 20:29:41.701,2026-04-17 21:58:41.701,2026-04-17,89.0,89.0,89.0,0.0,False,False,False,False,False,False,False,False,False,False,False,False,False,True,False,Valid
Air India|AI124|CCU|HYD|2026-04-17 20:28:41.702,AI124,Air India,CCU,HYD,CCU → HYD,2026-04-17 20:28:41.702,2026-04-18 00:00:41.702,2026-04-17,212.0,212.0,212.0,0.0,True,False,False,False,False,False,False,False,False,False,False,False,False,True,False,Valid
IndiGo|6F082|BOM|BLR|2026-04-17 20:26:41.702,6F082,IndiGo,BOM,BLR,BOM → BLR,2026-04-17 20:26:41.702,2026-04-17 22:26:41.702,2026-04-17,120.0,120.0,120.0,0.0,False,False,False,False,False,False,False,False,False,False,False,False,False,True,False,Valid
SpiceJet|SJ035|CCU|DEL|2026-04-17 20:15:41.701,SJ035,SpiceJet,CCU,DEL,CCU → DEL,2026-04-17 20:15:41.701,2026-04-17 21:15:42.000,2026-04-17,60.004983333333335,60.004983333333335,60.004983333333335,0.0,False,False,False,False,False,False,False,False,False,False,False,False,False,True,False,Valid
SpiceJet|SJ095|DEL|MAA|2026-04-17 20:09:41.702,SJ095,SpiceJet,DEL,MAA,DEL → MAA,2026-04-17 20:09:41.702,2026-04-17 23:13:41.702,2026-04-17,184.0,184.0,184.0,0.0,False,False,False,False,False,False,False,False,False,False,False,False,False,True,False,Valid
Vistara|UK230|BLR|BOM|2026-04-17 20:02:41.704,UK230,Vistara,BLR,BOM,BLR → BOM,2026-04-17 20:02:41.704,2026-04-17 21:35:41.704,2026-04-17,93.0,93.0,93.0,0.0,False,False,False,False,False,False,False,False,False,False,False,False,False,True,False,Valid
Vistara|UK171|HYD|CCU|2026-04-17 19:59:41.703,UK171,Vistara,HYD,CCU,HYD → CCU,2026-04-17 19:59:41.703,2026-04-17 22:53:41.703,2026-04-17,174.0,174.0,174.0,0.0,False,False,False,False,False,False,False,False,False,False,False,False,False,True,False,Valid
IndiGo|6F147|HYD|MAA|2026-04-17 19:57:41.703,6F147,IndiGo,HYD,MAA,HYD → MAA,2026-04-17 19:57:41.703,2026-04-18 00:31:41.703,2026-04-17,274.0,274.0,274.0,0.0,True,False,False,False,False,False,False,False,False,False,False,False,False,True,False,Valid
SpiceJet|SJ212|MAA|BLR|2026-04-17 19:49:41.703,SJ212,SpiceJet,MAA,BLR,MAA → BLR,2026-04-17 19:49:41.703,2026-04-17 21:44:41.703,2026-04-17,115.0,115.0,115.0,0.0,False,False,False,False,False,False,False,False,False,False,False,False,False,True,False,Valid
IndiGo|6F080|HYD|MAA|2026-04-17 19:47:41.702,6F080,IndiGo,HYD,MAA,HYD → MAA,2026-04-17 19:47:41.702,2026-04-17 23:13:41.702,2026-04-17,206.0,206.0,206.0,0.0,False,False,False,False,False,False,False,False,False,False,False,False,False,True,False,Valid
Vistara|UK049|HYD|BOM|2026-04-17 19:47:41.701,UK049,Vistara,HYD,BOM,HYD → BOM,2026-04-17 19:47:41.701,2026-04-17 20:32:41.701,2026-04-17,45.0,45.0,45.0,0.0,False,False,False,False,False,False,False,False,False,False,False,False,False,True,False,Valid
Air India|AI152|BLR|CCU|2026-04-17 19:21:41.703,AI152,Air India,BLR,CCU,BLR → CCU,2026-04-17 19:21:41.703,2026-04-17 20:26:41.703,2026-04-17,65.0,65.0,65.0,0.0,False,False,False,False,False,False,False,False,False,False,False,False,False,True,False,Valid
Air India|AI162|MAA|DEL|2026-04-17 19:20:41.703,AI162,Air India,MAA,DEL,MAA → DEL,2026-04-17 19:20:41.703,2026-04-17 22:40:41.703,2026-04-17,200.0,200.0,200.0,0.0,False,False,False,False,False,False,False,False,False,False,False,False,False,True,False,Valid
SpiceJet|SJ037|BLR|BOM|2026-04-17 19:14:41.701,SJ037,SpiceJet,BLR,BOM,BLR → BOM,2026-04-17 19:14:41.701,2026-04-17 22:31:41.701,2026-04-17,197.0,197.0,197.0,0.0,False,False,False,False,False,False,False,False,False,False,False,False,False,True,False,Valid
Air India|AI172|BOM|CCU|2026-04-17 19:08:41.703,AI172,Air India,BOM,CCU,BOM → CCU,2026-04-17 19:08:41.703,2026-04-17 19:53:41.703,2026-04-17,45.0,45.0,45.0,0.0,False,False,False,False,False,False,False,False,False,False,False,False,False,True,False,Valid
Vistara|UK205|HYD|MAA|2026-04-17 18:57:41.703,UK205,Vistara,HYD,MAA,HYD → MAA,2026-04-17 18:57:41.703,2026-04-17 21:46:41.703,2026-04-17,169.0,169.0,169.0,0.0,False,False,False,False,False,False,False,False,False,False,False,False,False,True,False,Valid
Air India|AI199|HYD|DEL|2026-04-17 18:47:41.703,AI199,Air India,HYD,DEL,HYD → DEL,2026-04-17 18:47:41.703,2026-04-17 22:26:41.703,2026-04-17,219.0,219.0,219.0,0.0,False,False,False,False,False,False,False,False,False,False,False,False,False,True,False,Valid
IndiGo|6F241|DEL|HYD|2026-04-17 18:27:41.704,6F241,IndiGo,DEL,HYD,DEL → HYD,2026-04-17 18:27:41.704,2026-04-17 19:02:41.704,2026-04-17,35.0,35.0,35.0,0.0,False,False,False,False,False,False,False,False,False,False,False,False,False,True,False,Valid
SpiceJet|SJ041|CCU|HYD|2026-04-17 18:24:41.701,SJ041,SpiceJet,CCU,HYD,CCU → HYD,2026-04-17 18:24:41.701,2026-04-17 22:59:41.701,2026-04-17,275.0,275.0,275.0,0.0,False,False,False,False,False,False,False,False,False,False,False,False,False,True,False,Valid
Air India|AI064|BLR|MAA|2026-04-17 18:24:41.701,AI064,Air India,BLR,MAA,BLR → MAA,2026-04-17 18:24:41.701,2026-04-17 20:07:41.701,2026-04-17,103.0,103.0,103.0,0.0,False,False,False,False,False,False,False,False,False,False,False,False,False,True,False,Valid
Vistara|UK169|HYD|DEL|2026-04-17 18:12:41.703,UK169,Vistara,HYD,DEL,HYD → DEL,2026-04-17 18:12:41.703,2026-04-17 23:01:41.703,2026-04-17,289.0,289.0,289.0,0.0,False,False,False,False,False,False,False,False,False,False,False,False,False,True,False,Valid
Vistara|UK144|BOM|CCU|2026-04-17 18:07:41.703,UK144,Vistara,BOM,CCU,BOM → CCU,2026-04-17 18:07:41.703,2026-04-17 20:59:41.703,2026-04-17,172.0,172.0,172.0,0.0,False,False,False,False,False,False,False,False,False,False,False,False,False,True,False,Valid
Air India|AI118|HYD|MAA|2026-04-17 17:50:41.702,AI118,Air India,HYD,MAA,HYD → MAA,2026-04-17 17:50:41.702,2026-04-17 19:59:41.702,2026-04-17,129.0,129.0,129.0,0.0,False,False,False,False,False,False,False,False,False,False,False,False,False,True,False,Valid
SpiceJet|SJ145|BLR|HYD|2026-04-17 17:41:41.702,SJ145,SpiceJet,BLR,HYD,BLR → HYD,2026-04-17 17:41:41.702,2026-04-17 20:38:41.702,2026-04-17,177.0,177.0,177.0,0.0,False,False,False,False,False,False,False,False,False,False,False,False,False,True,False,Valid
SpiceJet|SJ077|BLR|MAA|2026-04-17 17:32:41.701,SJ077,SpiceJet,BLR,MAA,BLR → MAA,2026-04-17 17:32:41.701,2026-04-17 19:40:41.701,2026-04-17,128.0,128.0,128.0,0.0,False,False,False,False,False,False,False,False,False,False,False,False,False,True,False,Valid
Air India|AI126|MAA|HYD|2026-04-17 17:26:41.702,AI126,Air India,MAA,HYD,MAA → HYD,2026-04-17 17:26:41.702,2026-04-17 20:48:41.702,2026-04-17,202.0,202.0,202.0,0.0,False,False,False,False,False,False,False,False,False,False,False,False,False,True,False,Valid
SpiceJet|SJ033|HYD|DEL|2026-04-17 17:26:41.701,SJ033,SpiceJet,HYD,DEL,HYD → DEL,2026-04-17 17:26:41.701,2026-04-17 18:51:41.701,2026-04-17,85.0,85.0,85.0,0.0,False,False,False,False,False,False,False,False,False,False,False,False,False,True,False,Valid
SpiceJet|SJ180|HYD|CCU|2026-04-17 17:12:41.703,SJ180,SpiceJet,HYD,CCU,HYD → CCU,2026-04-17 17:12:41.703,2026-04-17 22:00:41.703,2026-04-17,288.0,288.0,288.0,0.0,False,False,False,False,False,False,False,False,False,False,False,False,False,True,False,Valid
IndiGo|6F183|MAA|HYD|2026-04-17 17:08:41.703,6F183,IndiGo,MAA,HYD,MAA → HYD,2026-04-17 17:08:41.703,2026-04-17 19:52:41.703,2026-04-17,164.0,164.0,164.0,0.0,False,False,False,False,False,False,False,False,False,False,False,False,False,True,False,Valid
Air India|AI145|DEL|BOM|2026-04-17 17:06:41.702,AI145,Air India,DEL,BOM,DEL → BOM,2026-04-17 17:06:41.702,2026-04-17 21:31:41.702,2026-04-17,265.0,265.0,265.0,0.0,False,False,False,False,False,False,False,False,False,False,False,False,False,True,False,Valid
IndiGo|6F089|DEL|HYD|2026-04-17 17:06:41.702,6F089,IndiGo,DEL,HYD,DEL → HYD,2026-04-17 17:06:41.702,2026-04-17 19:10:41.702,2026-04-17,124.0,124.0,124.0,0.0,False,False,False,False,False,False,False,False,False,False,False,False,False,True,False,Valid
IndiGo|6F207|BOM|HYD|2026-04-17 16:59:41.703,6F207,IndiGo,BOM,HYD,BOM → HYD,2026-04-17 16:59:41.703,2026-04-17 21:00:41.703,2026-04-17,241.0,241.0,241.0,0.0,False,False,False,False,False,False,False,False,False,False,False,False,False,True,False,Valid
Air India|AI229|HYD|MAA|2026-04-17 16:48:41.703,AI229,Air India,HYD,MAA,HYD → MAA,2026-04-17 16:48:41.703,2026-04-17 18:40:41.703,2026-04-17,112.0,112.0,112.0,0.0,False,False,False,False,False,False,False,False,False,False,False,False,False,True,False,Valid
IndiGo|6F223|MAA|BLR|2026-04-17 16:47:41.704,6F223,IndiGo,MAA,BLR,MAA → BLR,2026-04-17 16:47:41.704,2026-04-17 17:21:41.704,2026-04-17,34.0,34.0,34.0,0.0,False,False,False,False,False,False,False,False,False,False,False,False,False,True,False,Valid
IndiGo|6F116|MAA|CCU|2026-04-17 16:43:41.702,6F116,IndiGo,MAA,CCU,MAA → CCU,2026-04-17 16:43:41.702,2026-04-17 19:02:41.702,2026-04-17,139.0,139.0,139.0,0.0,False,False,False,False,False,False,False,False,False,False,False,False,False,True,False,Valid
SpiceJet|SJ240|BOM|HYD|2026-04-17 16:42:41.704,SJ240,SpiceJet,BOM,HYD,BOM → HYD,2026-04-17 16:42:41.704,2026-04-17 20:21:41.704,2026-04-17,219.0,219.0,219.0,0.0,False,False,False,False,False,False,False,False,False,False,False,False,False,True,False,Valid
SpiceJet|SJ184|CCU|DEL|2026-04-17 16:32:41.703,SJ184,SpiceJet,CCU,DEL,CCU → DEL,2026-04-17 16:32:41.703,2026-04-17 21:00:41.703,2026-04-17,268.0,268.0,268.0,0.0,False,False,False,False,False,False,False,False,False,False,False,False,False,True,False,Valid
Air India|AI087|MAA|DEL|2026-04-17 16:32:41.702,AI087,Air India,MAA,DEL,MAA → DEL,2026-04-17 16:32:41.702,2026-04-17 20:30:41.702,2026-04-17,238.0,238.0,238.0,0.0,False,False,False,False,False,False,False,False,False,False,False,False,False,True,False,Valid
Vistara|UK148|HYD|BOM|2026-04-17 16:31:41.703,UK148,Vistara,HYD,BOM,HYD → BOM,2026-04-17 16:31:41.703,2026-04-17 18:43:41.703,2026-04-17,132.0,132.0,132.0,0.0,False,False,False,False,False,False,False,False,False,False,False,False,False,True,False,Valid
Air India|AI210|BLR|BOM|2026-04-17 16:13:41.703,AI210,Air India,BLR,BOM,BLR → BOM,2026-04-17 16:13:41.703,2026-04-17 18:50:41.703,2026-04-17,157.0,157.0,157.0,0.0,False,False,False,False,False,False,False,False,False,False,False,False,False,True,False,Valid
IndiGo|6F093|CCU|DEL|2026-04-17 16:09:41.702,6F093,IndiGo,CCU,DEL,CCU → DEL,2026-04-17 16:09:41.702,2026-04-17 20:00:41.702,2026-04-17,231.0,231.0,231.0,0.0,False,False,False,False,False,False,False,False,False,False,False,False,False,True,False,Valid
SpiceJet|SJ080|CCU|MAA|2026-04-17 16:04:41.702,SJ080,SpiceJet,CCU,MAA,CCU → MAA,2026-04-17 16:04:41.702,2026-04-17 17:59:41.702,2026-04-17,115.0,115.0,115.0,0.0,False,False,False,False,False,False,False,False,False,False,False,False,False,True,False,Valid
SpiceJet|SJ005|DEL|MAA|2026-04-17 16:03:41.701,SJ005,SpiceJet,DEL,MAA,DEL → MAA,2026-04-17 16:03:41.701,2026-04-17 17:24:41.701,2026-04-17,81.0,81.0,81.0,0.0,False,False,False,False,False,False,False,False,False,False,False,False,False,True,False,Valid
IndiGo|6F040|HYD|CCU|2026-04-17 15:52:41.701,6F040,IndiGo,HYD,CCU,HYD → CCU,2026-04-17 15:52:41.701,2026-04-17 20:33:41.701,2026-04-17,281.0,281.0,281.0,0.0,False,False,False,False,False,False,False,False,False,False,False,False,False,True,False,Valid
Air India|AI212|DEL|CCU|2026-04-17 15:31:41.703,AI212,Air India,DEL,CCU,DEL → CCU,2026-04-17 15:31:41.703,2026-04-17 20:13:41.703,2026-04-17,282.0,282.0,282.0,0.0,False,False,False,False,False,False,False,False,False,False,False,False,False,True,False,Valid
Air India|AI154|HYD|MAA|2026-04-17 15:25:41.703,AI154,Air India,HYD,MAA,HYD → MAA,2026-04-17 15:25:41.703,2026-04-17 19:16:41.703,2026-04-17,231.0,231.0,231.0,0.0,False,False,False,False,False,False,False,False,False,False,False,False,False,True,False,Valid
IndiGo|6F239|CCU|BOM|2026-04-17 15:24:41.704,6F239,IndiGo,CCU,BOM,CCU → BOM,2026-04-17 15:24:41.704,2026-04-17 17:37:41.704,2026-04-17,133.0,133.0,133.0,0.0,False,False,False,False,False,False,False,False,False,False,False,False,False,True,False,Valid
Vistara|UK199|BOM|CCU|2026-04-17 15:24:41.703,UK199,Vistara,BOM,CCU,BOM → CCU,2026-04-17 15:24:41.703,2026-04-17 18:55:41.703,2026-04-17,211.0,211.0,211.0,0.0,False,False,False,False,False,False,False,False,False,False,False,False,False,True,False,Valid
IndiGo|6F218|BLR|BOM|2026-04-17 15:16:41.704,6F218,IndiGo,BLR,BOM,BLR → BOM,2026-04-17 15:16:41.704,2026-04-17 19:03:41.704,2026-04-17,227.0,227.0,227.0,0.0,False,False,False,False,False,False,False,False,False,False,False,False,False,True,False,Valid
IndiGo|6F011|MAA|BLR|2026-04-17 15:16:41.701,6F011,IndiGo,MAA,BLR,MAA → BLR,2026-04-17 15:16:41.701,2026-04-17 17:16:42.000,2026-04-17,120.00498333333333,120.00498333333333,120.00498333333333,0.0,False,False,False,False,False,False,False,False,False,False,False,False,False,True,False,Valid
Vistara|UK106|BOM|CCU|2026-04-17 15:12:41.702,UK106,Vistara,BOM,CCU,BOM → CCU,2026-04-17 15:12:41.702,2026-04-17 17:23:41.702,2026-04-17,131.0,131.0,131.0,0.0,False,False,False,False,False,False,False,False,False,False,False,False,False,True,False,Valid
Vistara|UK030|CCU|DEL|2026-04-17 15:11:41.701,UK030,Vistara,CCU,DEL,CCU → DEL,2026-04-17 15:11:41.701,2026-04-17 19:38:41.701,2026-04-17,267.0,267.0,267.0,0.0,False,False,False,False,False,False,False,False,False,False,False,False,False,True,False,Valid
IndiGo|6F090|HYD|BLR|2026-04-17 15:10:41.702,6F090,IndiGo,HYD,BLR,HYD → BLR,2026-04-17 15:10:41.702,2026-04-17 19:22:41.702,2026-04-17,252.0,252.0,252.0,0.0,False,False,False,False,False,False,False,False,False,False,False,False,False,True,False,Valid
Air India|AI184|BOM|CCU|2026-04-17 15:03:41.703,AI184,Air India,BOM,CCU,BOM → CCU,2026-04-17 15:03:41.703,2026-04-17 17:03:42.000,2026-04-17,120.00495,120.00495,120.00495,0.0,False,False,False,False,False,False,False,False,False,False,False,False,False,True,False,Valid
SpiceJet|SJ232|MAA|BLR|2026-04-17 15:02:41.704,SJ232,SpiceJet,MAA,BLR,MAA → BLR,2026-04-17 15:02:41.704,2026-04-17 19:22:41.704,2026-04-17,260.0,260.0,260.0,0.0,False,False,False,False,False,False,False,False,False,False,False,False,False,True,False,Valid
Air India|AI153|BOM|CCU|2026-04-17 15:02:41.703,AI153,Air India,BOM,CCU,BOM → CCU,2026-04-17 15:02:41.703,2026-04-17 16:30:41.703,2026-04-17,88.0,88.0,88.0,0.0,False,False,False,False,False,False,False,False,False,False,False,False,False,True,False,Valid
Vistara|UK101|DEL|HYD|2026-04-17 15:00:41.702,UK101,Vistara,DEL,HYD,DEL → HYD,2026-04-17 15:00:41.702,2026-04-17 17:43:41.702,2026-04-17,163.0,163.0,163.0,0.0,False,False,False,False,False,False,False,False,False,False,False,False,False,True,False,Valid
IndiGo|6F200|HYD|DEL|2026-04-17 14:54:41.703,6F200,IndiGo,HYD,DEL,HYD → DEL,2026-04-17 14:54:41.703,2026-04-17 19:41:41.703,2026-04-17,287.0,287.0,287.0,0.0,False,False,False,False,False,False,False,False,False,False,False,False,False,True,False,Valid
IndiGo|6F162|CCU|BOM|2026-04-17 14:50:41.703,6F162,IndiGo,CCU,BOM,CCU → BOM,2026-04-17 14:50:41.703,2026-04-17 17:44:41.703,2026-04-17,174.0,174.0,174.0,0.0,False,False,False,False,False,False,False,False,False,False,False,False,False,True,False,Valid
SpiceJet|SJ197|HYD|BLR|2026-04-17 14:49:41.703,SJ197,SpiceJet,HYD,BLR,HYD → BLR,2026-04-17 14:49:41.703,2026-04-17 17:33:41.703,2026-04-17,164.0,164.0,164.0,0.0,False,False,False,False,False,False,False,False,False,False,False,False,False,True,False,Valid
Air India|AI174|DEL|CCU|2026-04-17 14:45:41.703,AI174,Air India,DEL,CCU,DEL → CCU,2026-04-17 14:45:41.703,2026-04-17 17:01:41.703,2026-04-17,136.0,136.0,136.0,0.0,False,False,False,False,False,False,False,False,False,False,False,False,False,True,False,Valid
Vistara|UK090|HYD|MAA|2026-04-17 14:44:41.702,UK090,Vistara,HYD,MAA,HYD → MAA,2026-04-17 14:44:41.702,2026-04-17 17:24:41.702,2026-04-17,160.0,160.0,160.0,0.0,False,False,False,False,False,False,False,False,False,False,False,False,False,True,False,Valid
Vistara|UK124|MAA|BLR|2026-04-17 14:35:41.702,UK124,Vistara,MAA,BLR,MAA → BLR,2026-04-17 14:35:41.702,2026-04-17 17:09:41.702,2026-04-17,154.0,154.0,154.0,0.0,False,False,False,False,False,False,False,False,False,False,False,False,False,True,False,Valid
Air India|AI239|BOM|HYD|2026-04-17 14:33:41.704,AI239,Air India,BOM,HYD,BOM → HYD,2026-04-17 14:33:41.704,2026-04-17 17:47:41.704,2026-04-17,194.0,194.0,194.0,0.0,False,False,False,False,False,False,False,False,False,False,False,False,False,True,False,Valid
Vistara|UK002|CCU|MAA|2026-04-17 14:28:41.700,UK002,Vistara,CCU,MAA,CCU → MAA,2026-04-17 14:28:41.700,2026-04-17 19:20:41.700,2026-04-17,292.0,292.0,292.0,0.0,False,False,False,False,False,False,False,False,False,False,False,False,False,True,False,Valid
SpiceJet|SJ055|HYD|MAA|2026-04-17 14:17:41.701,SJ055,SpiceJet,HYD,MAA,HYD → MAA,2026-04-17 14:17:41.701,2026-04-17 17:56:41.701,2026-04-17,219.0,219.0,219.0,0.0,False,False,False,False,False,False,False,False,False,False,False,False,False,True,False,Valid
Vistara|UK132|BOM|DEL|2026-04-17 14:12:41.702,UK132,Vistara,BOM,DEL,BOM → DEL,2026-04-17 14:12:41.702,2026-04-17 16:19:41.702,2026-04-17,127.0,127.0,127.0,0.0,False,False,False,False,False,False,False,False,False,False,False,False,False,True,False,Valid
IndiGo|6F002|BLR|MAA|2026-04-17 14:11:41.700,6F002,IndiGo,BLR,MAA,BLR → MAA,2026-04-17 14:11:41.700,2026-04-17 17:34:41.700,2026-04-17,203.0,203.0,203.0,0.0,False,False,False,False,False,False,False,False,False,False,False,False,False,True,False,Valid
Vistara|UK005|BOM|MAA|2026-04-17 14:02:41.701,UK005,Vistara,BOM,MAA,BOM → MAA,2026-04-17 14:02:41.701,2026-04-17 18:14:41.701,2026-04-17,252.0,252.0,252.0,0.0,False,False,False,False,False,False,False,False,False,False,False,False,False,True,False,Valid
IndiGo|6F258|BOM|DEL|2026-04-17 13:54:41.703,6F258,IndiGo,BOM,DEL,BOM → DEL,2026-04-17 13:54:41.703,2026-04-17 16:49:41.703,2026-04-17,175.0,175.0,175.0,0.0,False,False,False,False,False,False,False,False,False,False,False,False,False,True,False,Valid
SpiceJet|SJ244|BLR|DEL|2026-04-17 13:51:41.704,SJ244,SpiceJet,BLR,DEL,BLR → DEL,2026-04-17 13:51:41.704,2026-04-17 15:39:41.704,2026-04-17,108.0,108.0,108.0,0.0,False,False,False,False,False,False,False,False,False,False,False,False,False,True,False,Valid
Air India|AI075|CCU|DEL|2026-04-17 13:51:41.702,AI075,Air India,CCU,DEL,CCU → DEL,2026-04-17 13:51:41.702,2026-04-17 16:49:41.702,2026-04-17,178.0,178.0,178.0,0.0,False,False,False,False,False,False,False,False,False,False,False,False,False,True,False,Valid
Air India|AI160|MAA|DEL|2026-04-17 13:41:41.703,AI160,Air India,MAA,DEL,MAA → DEL,2026-04-17 13:41:41.703,2026-04-17 17:01:41.703,2026-04-17,200.0,200.0,200.0,0.0,False,False,False,False,False,False,False,False,False,False,False,False,False,True,False,Valid
Vistara|UK091|CCU|BOM|2026-04-17 13:37:41.702,UK091,Vistara,CCU,BOM,CCU → BOM,2026-04-17 13:37:41.702,2026-04-17 17:31:41.702,2026-04-17,234.0,234.0,234.0,0.0,False,False,False,False,False,False,False,False,False,False,False,False,False,True,False,Valid
Vistara|UK195|HYD|BOM|2026-04-17 13:35:41.703,UK195,Vistara,HYD,BOM,HYD → BOM,2026-04-17 13:35:41.703,2026-04-17 16:35:41.703,2026-04-17,180.0,180.0,180.0,0.0,False,False,False,False,False,False,False,False,False,False,False,False,False,True,False,Valid
IndiGo|6F044|DEL|HYD|2026-04-17 13:25:41.701,6F044,IndiGo,DEL,HYD,DEL → HYD,2026-04-17 13:25:41.701,2026-04-17 17:36:41.701,2026-04-17,251.0,251.0,251.0,0.0,False,False,False,False,False,False,False,False,False,False,False,False,False,True,False,Valid
IndiGo|6F248|DEL|HYD|2026-04-17 13:25:41.701,6F248,IndiGo,DEL,HYD,DEL → HYD,2026-04-17 13:25:41.701,2026-04-17 17:36:41.701,2026-04-17,251.0,251.0,251.0,0.0,False,False,False,False,False,False,False,False,False,False,False,False,False,True,False,Valid
IndiGo|6F204|DEL|CCU|2026-04-17 13:23:41.703,6F204,IndiGo,DEL,CCU,DEL → CCU,2026-04-17 13:23:41.703,2026-04-17 16:04:41.703,2026-04-17,161.0,161.0,161.0,0.0,False,False,False,False,False,False,False,False,False,False,False,False,False,True,False,Valid
SpiceJet|SJ092|BLR|MAA|2026-04-17 13:19:41.702,SJ092,SpiceJet,BLR,MAA,BLR → MAA,2026-04-17 13:19:41.702,2026-04-17 17:56:41.702,2026-04-17,277.0,277.0,277.0,0.0,False,False,False,False,False,False,False,False,False,False,False,False,False,True,False,Valid
Air India|AI119|MAA|BLR|2026-04-17 13:15:41.702,AI119,Air India,MAA,BLR,MAA → BLR,2026-04-17 13:15:41.702,2026-04-17 15:57:41.702,2026-04-17,162.0,162.0,162.0,0.0,False,False,False,False,False,False,False,False,False,False,False,False,False,True,False,Valid
Air India|AI151|MAA|HYD|2026-04-17 13:14:41.703,AI151,Air India,MAA,HYD,MAA → HYD,2026-04-17 13:14:41.703,2026-04-17 14:10:41.703,2026-04-17,56.0,56.0,56.0,0.0,False,False,False,False,False,False,False,False,False,False,False,False,False,True,False,Valid
Vistara|UK107|HYD|BOM|2026-04-17 13:09:41.702,UK107,Vistara,HYD,BOM,HYD → BOM,2026-04-17 13:09:41.702,2026-04-17 14:25:41.702,2026-04-17,76.0,76.0,76.0,0.0,False,False,False,False,False,False,False,False,False,False,False,False,False,True,False,Valid
SpiceJet|SJ019|BLR|DEL|2026-04-17 13:07:41.701,SJ019,SpiceJet,BLR,DEL,BLR → DEL,2026-04-17 13:07:41.701,2026-04-17 15:56:41.701,2026-04-17,169.0,169.0,169.0,0.0,False,False,False,False,False,False,False,False,False,False,False,False,False,True,False,Valid
Air India|AI052|CCU|MAA|2026-04-17 13:06:41.701,AI052,Air India,CCU,MAA,CCU → MAA,2026-04-17 13:06:41.701,2026-04-17 15:42:41.701,2026-04-17,156.0,156.0,156.0,0.0,False,False,False,False,False,False,False,False,False,False,False,False,False,True,False,Valid
SpiceJet|SJ177|BOM|CCU|2026-04-17 13:04:41.703,SJ177,SpiceJet,BOM,CCU,BOM → CCU,2026-04-17 13:04:41.703,2026-04-17 17:37:41.703,2026-04-17,273.0,273.0,273.0,0.0,False,False,False,False,False,False,False,False,False,False,False,False,False,True,False,Valid
IndiGo|6F215|DEL|BLR|2026-04-17 13:00:41.703,6F215,IndiGo,DEL,BLR,DEL → BLR,2026-04-17 13:00:41.703,2026-04-17 17:30:41.703,2026-04-17,270.0,270.0,270.0,0.0,False,False,False,False,False,False,False,False,False,False,False,False,False,True,False,Valid
Air India|AI223|BOM|CCU|2026-04-17 12:53:41.703,AI223,Air India,BOM,CCU,BOM → CCU,2026-04-17 12:53:41.703,2026-04-17 14:42:41.703,2026-04-17,109.0,109.0,109.0,0.0,False,False,False,False,False,False,False,False,False,False,False,False,False,True,False,Valid
SpiceJet|SJ069|HYD|BLR|2026-04-17 12:53:41.701,SJ069,SpiceJet,HYD,BLR,HYD → BLR,2026-04-17 12:53:41.701,2026-04-17 14:17:41.701,2026-04-17,84.0,84.0,84.0,0.0,False,False,False,False,False,False,False,False,False,False,False,False,False,True,False,Valid
IndiGo|6F198|HYD|BLR|2026-04-17 12:40:41.703,6F198,IndiGo,HYD,BLR,HYD → BLR,2026-04-17 12:40:41.703,2026-04-17 17:39:41.703,2026-04-17,299.0,299.0,299.0,0.0,False,False,False,False,False,False,False,False,False,False,False,False,False,True,False,Valid
Air India|AI093|BOM|BLR|2026-04-17 12:35:41.702,AI093,Air India,BOM,BLR,BOM → BLR,2026-04-17 12:35:41.702,2026-04-17 17:28:41.702,2026-04-17,293.0,293.0,293.0,0.0,False,False,False,False,False,False,False,False,False,False,False,False,False,True,False,Valid
Vistara|UK062|HYD|DEL|2026-04-17 12:33:41.701,UK062,Vistara,HYD,DEL,HYD → DEL,2026-04-17 12:33:41.701,2026-04-17 15:35:41.701,2026-04-17,182.0,182.0,182.0,0.0,False,False,False,False,False,False,False,False,False,False,False,False,False,True,False,Valid
IndiGo|6F057|MAA|DEL|2026-04-17 12:32:41.701,6F057,IndiGo,MAA,DEL,MAA → DEL,2026-04-17 12:32:41.701,2026-04-17 15:50:41.701,2026-04-17,198.0,198.0,198.0,0.0,False,False,False,False,False,False,False,False,False,False,False,False,False,True,False,Valid
Vistara|UK064|BOM|DEL|2026-04-17 12:25:41.701,UK064,Vistara,BOM,DEL,BOM → DEL,2026-04-17 12:25:41.701,2026-04-17 14:55:41.701,2026-04-17,150.0,150.0,150.0,0.0,False,False,False,False,False,False,False,False,False,False,False,False,False,True,False,Valid
